11768
728 1280 4
39 1262 7
1136 1280 4
385 1299 7
612 1288 5
157 1280 4
987 1242 1
165 1313 7
800 1282 6
75 1315 6
30 1331 8
472 1328 1
162 1288 5
727 1355 6
294 1341 7
639 1279 2
617 1347 7
6 1331 8
334 1315 6
232 1255 6
304 1337 3
115 1331 8
1027 1295 5
887 1309 2
1140 1251 6
346 1264 4
898 1255 6
1173 1331 8
225 1337 3
970 1279 2
975 1329 1
333 1331 8
1157 1331 8
850 1320 0
732 1342 7
339 1337 3
536 1309 2
1231 1357 0
373 1356 7
344 1337 3
1024 1356 7
145 1356 7
1032 1283 6
891 1299 7
177 1295 5
1 1296 5
1139 1298 7
1187 1255 6
274 1331 8
702 1333 6
622 1331 8
305 1282 6
350 1255 6
461 1357 0
515 1264 4
235 1279 2
999 1261 6
1126 1320 0
1047 1330 6
428 1347 7
838 1273 1
904 1330 6
762 1299 7
734 1316 3
380 1320 0
1074 1243 1
334 1242 1
1125 1261 6
751 1255 6
1023 1355 6
968 1357 0
1148 1355 6
853 1305 5
730 1248 1
27 1330 6
1096 1248 1
850 1294 5
701 1320 0
146 1255 6
288 1262 7
71 1337 3
9 1264 4
711 1309 2
311 1299 7
102 1315 6
13 1342 7
495 1292 5
823 1329 1
25 1332 6
948 1242 1
595 1331 8
459 1347 7
284 1255 6
706 1252 6
1194 1279 2
1041 1310 7
999 1270 6
1115 1299 7
373 1331 8
658 1280 4
1030 1331 8
122 1331 8
391 1337 3
743 1264 4
485 1295 5
271 1320 0
464 1320 0
804 1288 5
472 1279 2
584 1320 0
292 1273 1
961 1330 6
49 1332 6
739 1337 3
289 1339 1
235 1273 1
1158 1270 6
1159 1279 2
390 1330 6
835 1280 4
972 1272 6
1060 1342 7
876 1356 7
638 1355 6
542 1242 1
83 1279 2
1116 1337 3
1199 1279 2
972 1273 1
277 1339 1
411 1261 6
622 1315 6
1208 1264 4
972 1343 3
815 1310 7
971 1344 7
885 1279 2
383 1322 7
344 1310 7
1191 1320 0
746 1337 3
1230 1331 8
997 1331 8
957 1261 6
1209 1339 1
843 1316 3
1015 1261 6
359 1242 1
979 1337 3
774 1298 7
992 1310 7
402 1279 2
180 1347 7
963 1337 3
1126 1355 6
117 1357 0
800 1330 6
82 1313 7
850 1342 7
182 1331 8
184 1337 3
137 1264 4
320 1299 7
512 1242 1
1016 1266 6
556 1261 6
93 1337 3
646 1342 7
1188 1280 4
0 1279 2
727 1331 8
1062 1271 6
1168 1317 4
134 1356 7
312 1342 7
859 1309 2
211 1276 6
95 1273 1
485 1261 6
432 1330 6
227 1333 6
288 1264 4
340 1273 1
922 1248 1
27 1310 7
386 1251 6
712 1251 6
146 1273 1
1024 1296 5
1142 1320 0
870 1356 7
552 1279 2
922 1331 8
829 1295 5
535 1357 0
999 1299 7
1058 1342 7
444 1320 0
523 1320 0
958 1261 6
1197 1347 7
186 1342 7
1007 1266 6
564 1357 0
296 1280 4
1140 1354 6
770 1255 6
1050 1320 0
1224 1273 1
1210 1342 7
1131 1331 8
770 1337 3
702 1322 7
133 1242 1
740 1298 7
1206 1279 2
972 1260 7
1030 1342 7
788 1331 8
703 1328 1
186 1354 6
446 1322 7
550 1260 7
1173 1356 7
471 1242 1
103 1313 7
190 1270 6
1115 1342 7
852 1331 8
404 1333 6
346 1357 0
1183 1316 3
796 1288 5
898 1353 6
792 1264 4
1009 1273 1
717 1293 5
703 1330 6
287 1356 7
920 1273 1
1238 1298 7
829 1315 6
627 1320 0
582 1331 8
1198 1255 6
198 1317 4
151 1331 8
818 1337 3
204 1297 5
295 1289 5
1101 1320 0
79 1329 1
964 1255 6
1073 1331 8
754 1242 1
638 1356 7
968 1341 7
746 1339 1
406 1292 5
1134 1337 3
894 1339 1
140 1344 7
259 1273 1
1060 1330 6
1060 1255 6
165 1258 7
482 1242 1
224 1255 6
659 1356 7
94 1310 7
611 1280 4
721 1255 6
901 1279 2
426 1279 2
596 1322 7
723 1339 1
905 1262 7
311 1278 5
615 1342 7
1141 1357 0
764 1345 7
1177 1242 1
450 1342 7
265 1255 6
202 1329 1
1235 1322 7
848 1316 3
1224 1249 1
1015 1317 4
511 1283 6
1014 1322 7
380 1331 8
577 1255 6
358 1357 0
597 1337 3
941 1333 6
664 1331 8
1183 1357 0
318 1320 0
1177 1331 8
503 1310 7
895 1273 1
905 1279 2
1100 1295 5
494 1274 1
537 1320 0
1 1356 7
410 1331 8
481 1347 7
429 1309 2
1129 1320 0
904 1279 2
210 1264 4
1079 1331 8
839 1279 2
162 1316 3
668 1309 2
1028 1342 7
335 1260 7
1182 1298 7
990 1261 6
865 1310 7
1074 1354 6
1081 1333 6
803 1331 8
694 1337 3
445 1322 7
1172 1246 6
597 1279 2
1152 1357 0
1170 1316 3
1047 1262 7
828 1343 3
1151 1255 6
119 1280 4
346 1314 6
655 1347 7
357 1316 3
67 1293 5
679 1309 2
1032 1342 7
963 1245 6
1050 1295 5
63 1325 6
506 1279 2
573 1331 8
83 1355 6
1017 1333 6
429 1320 0
510 1330 6
820 1274 1
803 1309 2
320 1357 0
309 1356 7
557 1322 7
1108 1347 7
1130 1261 6
595 1273 1
365 1279 2
1007 1356 7
754 1328 1
342 1332 6
746 1280 4
1058 1279 2
985 1333 6
910 1337 3
95 1329 1
13 1280 4
830 1317 4
726 1299 7
1031 1354 6
930 1342 7
650 1337 3
1112 1279 2
153 1345 7
1058 1242 1
976 1320 0
577 1357 0
1213 1331 8
709 1331 8
133 1273 1
720 1324 6
759 1242 1
593 1342 7
685 1337 3
228 1347 7
1106 1329 1
650 1262 7
750 1242 1
95 1330 6
1133 1243 1
751 1260 7
817 1309 2
1051 1353 6
332 1273 1
1206 1354 6
992 1317 4
33 1242 1
619 1255 6
485 1357 0
992 1356 7
30 1345 7
503 1261 6
235 1322 7
500 1255 6
914 1347 7
857 1313 7
115 1355 6
472 1298 7
996 1331 8
1143 1248 1
650 1342 7
1208 1347 7
821 1262 7
258 1279 2
261 1270 6
565 1279 2
1100 1280 4
1006 1309 2
360 1354 6
1157 1353 6
411 1354 6
270 1329 1
391 1331 8
668 1242 1
1120 1354 6
1 1331 8
1192 1264 4
795 1242 1
264 1331 8
398 1292 5
334 1330 6
320 1281 6
423 1342 7
655 1331 8
937 1337 3
865 1299 7
395 1331 8
372 1279 2
902 1343 3
476 1295 5
656 1332 6
152 1292 5
112 1333 6
892 1309 2
1156 1299 7
17 1309 2
726 1337 3
1049 1339 1
700 1293 5
487 1354 6
951 1255 6
1122 1260 7
1116 1264 4
256 1299 7
668 1261 6
1109 1279 2
110 1339 1
224 1322 7
718 1347 7
252 1320 0
678 1324 6
388 1242 1
1029 1331 8
678 1310 7
273 1339 1
368 1276 6
89 1320 0
957 1333 6
302 1262 7
62 1295 5
203 1298 7
924 1279 2
94 1333 6
927 1342 7
719 1290 5
886 1299 7
1167 1279 2
1033 1298 7
38 1343 3
317 1279 2
808 1331 8
203 1309 2
763 1339 1
733 1309 2
645 1355 6
559 1347 7
970 1255 6
444 1347 7
704 1331 8
348 1332 6
390 1292 5
892 1320 0
239 1299 7
20 1330 6
776 1279 2
941 1310 7
401 1322 7
822 1255 6
7 1347 7
152 1356 7
908 1255 6
1076 1331 8
118 1259 7
1171 1357 0
597 1262 7
626 1279 2
831 1331 8
739 1342 7
1066 1345 7
550 1354 6
92 1295 5
538 1317 4
940 1345 7
788 1328 1
545 1320 0
312 1242 1
642 1255 6
1098 1299 7
26 1316 3
1141 1309 2
329 1262 7
524 1292 5
1072 1309 2
511 1299 7
1072 1291 5
898 1266 6
1153 1354 6
773 1316 3
1224 1329 1
63 1331 8
505 1342 7
926 1331 8
496 1299 7
203 1337 3
809 1295 5
56 1331 8
823 1299 7
881 1337 3
952 1354 6
1027 1320 0
1112 1264 4
786 1338 1
408 1298 7
21 1331 8
523 1280 4
486 1347 7
488 1299 7
1067 1255 6
960 1355 6
1058 1339 1
513 1292 5
379 1331 8
1101 1329 1
1164 1320 0
276 1248 1
867 1255 6
342 1331 8
159 1337 3
695 1247 6
244 1331 8
711 1264 4
1019 1341 7
538 1276 6
834 1255 6
637 1242 1
1103 1347 7
823 1293 5
558 1337 3
207 1292 5
913 1317 4
1114 1347 7
675 1255 6
538 1299 7
329 1255 6
477 1309 2
826 1342 7
5 1333 6
1179 1331 8
840 1305 5
886 1264 4
701 1298 7
455 1330 6
680 1280 4
899 1299 7
845 1279 2
399 1320 0
1088 1264 4
671 1264 4
968 1337 3
901 1255 6
1141 1355 6
372 1248 1
198 1328 1
1185 1261 6
486 1322 7
253 1279 2
267 1354 6
176 1354 6
579 1260 7
340 1292 5
702 1347 7
538 1333 6
944 1255 6
519 1261 6
238 1347 7
552 1292 5
528 1279 2
386 1273 1
747 1273 1
550 1343 3
328 1280 4
679 1320 0
133 1255 6
735 1332 6
1090 1356 7
237 1337 3
993 1342 7
51 1261 6
1017 1356 7
429 1260 7
359 1320 0
110 1293 5
264 1280 4
883 1288 5
1194 1320 0
1108 1315 6
304 1276 6
1166 1296 5
395 1337 3
194 1310 7
663 1328 1
388 1331 8
1133 1330 6
53 1355 6
957 1283 6
1204 1292 5
1153 1247 6
116 1292 5
1216 1331 8
406 1331 8
738 1255 6
689 1299 7
276 1309 2
292 1280 4
933 1276 6
558 1331 8
312 1310 7
274 1262 7
1053 1273 1
1025 1255 6
1200 1279 2
934 1298 7
893 1355 6
1212 1302 6
59 1355 6
95 1279 2
242 1320 0
523 1260 7
996 1264 4
1118 1331 8
1050 1331 8
25 1337 3
943 1354 6
435 1331 8
388 1264 4
433 1270 6
951 1342 7
306 1264 4
396 1242 1
489 1322 7
875 1320 0
985 1299 7
45 1320 0
279 1298 7
943 1279 2
252 1255 6
496 1279 2
15 1295 5
109 1357 0
936 1255 6
1058 1356 7
303 1355 6
730 1331 8
776 1356 7
1236 1337 3
541 1261 6
1063 1299 7
1132 1299 7
937 1331 8
327 1292 5
909 1331 8
266 1322 7
389 1290 5
716 1270 6
421 1331 8
1236 1273 1
523 1331 8
497 1320 0
1015 1314 6
980 1337 3
433 1299 7
1149 1357 0
134 1264 4
82 1292 5
335 1330 6
176 1316 3
301 1337 3
1203 1280 4
1132 1337 3
785 1331 8
606 1357 0
549 1347 7
491 1322 7
571 1331 8
655 1309 2
572 1347 7
259 1337 3
753 1248 1
387 1292 5
194 1291 5
967 1320 0
221 1339 1
360 1274 1
421 1264 4
834 1342 7
504 1320 0
718 1339 1
1022 1255 6
1143 1258 7
333 1330 6
716 1298 7
705 1242 1
893 1341 7
60 1255 6
511 1261 6
1185 1273 1
297 1316 3
885 1261 6
620 1331 8
272 1338 1
657 1354 6
1109 1342 7
747 1299 7
793 1264 4
1113 1353 6
1189 1245 6
1237 1299 7
760 1347 7
1207 1260 7
1037 1331 8
815 1299 7
859 1315 6
976 1280 4
101 1255 6
9 1273 1
127 1309 2
788 1255 6
532 1337 3
659 1242 1
372 1329 1
1059 1320 0
1078 1341 7
1037 1337 3
301 1295 5
999 1273 1
1199 1315 6
825 1337 3
5 1299 7
105 1333 6
315 1292 5
1173 1264 4
149 1289 5
130 1279 2
25 1342 7
577 1333 6
705 1350 6
697 1337 3
622 1333 6
879 1330 6
739 1320 0
185 1280 4
394 1347 7
590 1279 2
657 1347 7
808 1255 6
549 1331 8
208 1356 7
440 1320 0
76 1331 8
821 1280 4
907 1273 1
954 1320 0
725 1357 0
695 1292 5
1003 1264 4
1169 1344 7
556 1279 2
248 1273 1
690 1331 8
328 1322 7
712 1320 0
295 1299 7
804 1347 7
1114 1317 4
737 1262 7
990 1264 4
305 1273 1
272 1273 1
289 1320 0
627 1279 2
571 1357 0
895 1279 2
1134 1264 4
573 1337 3
241 1261 6
1224 1354 6
185 1333 6
57 1248 1
560 1279 2
1118 1320 0
1023 1264 4
825 1255 6
732 1298 7
326 1316 3
127 1354 6
1033 1260 7
411 1331 8
207 1262 7
1040 1242 1
1045 1347 7
946 1270 6
895 1333 6
1066 1276 6
651 1299 7
1174 1320 0
150 1320 0
981 1255 6
112 1331 8
256 1293 5
998 1279 2
1081 1331 8
232 1331 8
745 1280 4
703 1357 0
804 1357 0
601 1255 6
897 1345 7
47 1342 7
353 1333 6
465 1309 2
442 1261 6
904 1357 0
288 1313 7
930 1279 2
1 1339 1
1239 1279 2
1023 1255 6
1172 1299 7
762 1342 7
884 1320 0
46 1337 3
276 1295 5
297 1288 5
503 1255 6
309 1337 3
524 1303 1
935 1255 6
305 1255 6
433 1328 1
204 1273 1
346 1279 2
442 1299 7
1185 1322 7
83 1330 6
1110 1317 4
544 1343 3
22 1357 0
236 1247 6
1113 1264 4
257 1299 7
560 1337 3
876 1347 7
793 1295 5
840 1255 6
700 1320 0
24 1356 7
1190 1262 7
248 1279 2
968 1331 8
107 1280 4
45 1279 2
170 1264 4
24 1279 2
570 1279 2
106 1298 7
789 1341 7
1132 1331 8
858 1255 6
1008 1320 0
153 1320 0
1004 1344 7
678 1242 1
839 1299 7
512 1316 3
1067 1272 6
144 1316 3
211 1279 2
532 1331 8
25 1279 2
676 1317 4
167 1273 1
145 1328 1
968 1264 4
811 1320 0
712 1310 7
636 1316 3
1101 1339 1
267 1339 1
980 1345 7
215 1347 7
917 1357 0
242 1273 1
1048 1337 3
490 1331 8
815 1255 6
140 1342 7
248 1243 1
1046 1289 5
525 1331 8
1144 1347 7
818 1317 4
328 1309 2
305 1260 7
1196 1357 0
496 1295 5
403 1259 7
866 1330 6
659 1293 5
440 1261 6
564 1279 2
54 1342 7
83 1299 7
291 1279 2
559 1260 7
1192 1301 6
27 1317 4
222 1242 1
279 1339 1
734 1331 8
1173 1341 7
953 1320 0
681 1333 6
629 1279 2
488 1333 6
1074 1313 7
1024 1280 4
221 1295 5
616 1345 7
545 1317 4
1018 1337 3
908 1331 8
920 1242 1
974 1261 6
64 1248 1
669 1331 8
764 1310 7
363 1356 7
680 1342 7
661 1341 7
608 1316 3
731 1337 3
829 1320 0
82 1320 0
1091 1331 8
857 1330 6
113 1333 6
436 1260 7
627 1354 6
111 1273 1
129 1242 1
1125 1316 3
274 1330 6
161 1347 7
619 1322 7
27 1299 7
1103 1264 4
972 1329 1
386 1354 6
1171 1331 8
422 1316 3
71 1270 6
997 1337 3
291 1273 1
401 1279 2
380 1280 4
707 1279 2
317 1331 8
29 1331 8
598 1347 7
104 1248 1
150 1255 6
766 1280 4
107 1329 1
759 1255 6
972 1333 6
642 1264 4
668 1255 6
1057 1357 0
841 1299 7
97 1337 3
1233 1261 6
265 1330 6
982 1342 7
686 1339 1
1012 1331 8
1122 1342 7
1031 1333 6
248 1333 6
432 1320 0
574 1331 8
301 1330 6
368 1280 4
333 1280 4
611 1255 6
942 1320 0
772 1297 5
1173 1292 5
1155 1288 5
837 1320 0
988 1299 7
1014 1279 2
137 1279 2
1240 1322 7
677 1242 1
847 1356 7
1130 1342 7
848 1355 6
227 1279 2
791 1280 4
344 1261 6
241 1248 1
1159 1337 3
1191 1293 5
50 1357 0
779 1357 0
830 1295 5
144 1280 4
1128 1347 7
408 1273 1
243 1295 5
88 1273 1
283 1264 4
1159 1292 5
528 1331 8
646 1337 3
588 1288 5
392 1329 1
300 1331 8
822 1242 1
117 1331 8
1080 1309 2
946 1297 5
616 1337 3
621 1339 1
0 1242 1
370 1337 3
47 1299 7
996 1262 7
547 1331 8
353 1331 8
544 1279 2
350 1266 6
1051 1271 6
460 1331 8
160 1341 7
10 1320 0
832 1264 4
850 1356 7
348 1279 2
713 1278 5
442 1298 7
970 1291 5
433 1242 1
820 1310 7
371 1337 3
597 1320 0
912 1310 7
429 1255 6
156 1299 7
954 1331 8
697 1320 0
167 1299 7
769 1331 8
1049 1293 5
1164 1259 7
643 1245 6
1189 1339 1
828 1330 6
1048 1296 5
216 1339 1
59 1255 6
987 1331 8
11 1331 8
881 1330 6
916 1279 2
1153 1357 0
245 1276 6
84 1320 0
686 1279 2
1109 1295 5
404 1273 1
1132 1280 4
951 1262 7
1143 1354 6
848 1255 6
1185 1354 6
401 1331 8
979 1262 7
654 1330 6
363 1357 0
1107 1299 7
747 1328 1
90 1255 6
176 1329 1
837 1280 4
132 1345 7
767 1270 6
288 1320 0
894 1337 3
580 1320 0
828 1242 1
1000 1259 7
718 1242 1
241 1331 8
887 1353 6
787 1280 4
157 1290 5
815 1280 4
831 1279 2
455 1347 7
350 1299 7
1118 1255 6
1120 1280 4
1111 1356 7
856 1331 8
983 1273 1
970 1322 7
1133 1329 1
235 1298 7
737 1330 6
501 1320 0
952 1273 1
93 1320 0
771 1279 2
6 1256 6
240 1295 5
347 1330 6
17 1316 3
346 1337 3
1021 1337 3
443 1339 1
1140 1333 6
174 1271 6
679 1337 3
382 1342 7
758 1355 6
98 1279 2
957 1339 1
105 1256 6
11 1298 7
370 1261 6
775 1313 7
331 1355 6
395 1295 5
346 1273 1
903 1279 2
676 1357 0
50 1339 1
303 1357 0
902 1262 7
373 1255 6
383 1280 4
95 1339 1
326 1280 4
791 1242 1
961 1342 7
448 1353 6
181 1320 0
684 1341 7
283 1320 0
574 1280 4
746 1242 1
508 1242 1
879 1309 2
586 1248 1
144 1347 7
1055 1242 1
745 1333 6
403 1320 0
897 1305 5
573 1320 0
1200 1331 8
590 1288 5
628 1331 8
670 1242 1
941 1317 4
785 1261 6
889 1279 2
39 1292 5
703 1280 4
193 1337 3
911 1356 7
790 1279 2
1054 1279 2
836 1295 5
1086 1341 7
1091 1342 7
514 1315 6
407 1290 5
716 1309 2
776 1341 7
1043 1289 5
587 1322 7
1063 1331 8
492 1309 2
603 1329 1
774 1293 5
697 1356 7
552 1331 8
715 1292 5
928 1356 7
1180 1320 0
235 1293 5
721 1260 7
383 1331 8
1209 1322 7
1165 1299 7
331 1255 6
179 1297 5
856 1320 0
104 1264 4
313 1320 0
1231 1260 7
436 1261 6
1164 1316 3
791 1260 7
955 1255 6
143 1262 7
745 1315 6
550 1291 5
1041 1276 6
634 1255 6
71 1295 5
957 1282 6
981 1355 6
739 1255 6
86 1279 2
437 1280 4
856 1354 6
1122 1264 4
1047 1338 1
523 1279 2
516 1280 4
647 1255 6
863 1313 7
817 1264 4
285 1329 1
260 1279 2
411 1322 7
653 1271 6
435 1342 7
595 1280 4
2 1279 2
580 1331 8
807 1342 7
109 1323 7
879 1317 4
405 1320 0
142 1347 7
85 1322 7
445 1320 0
1035 1299 7
1025 1330 6
632 1279 2
610 1339 1
372 1357 0
910 1354 6
1193 1339 1
863 1337 3
292 1261 6
838 1298 7
222 1333 6
734 1279 2
277 1320 0
419 1331 8
184 1280 4
241 1273 1
4 1316 3
1143 1260 7
178 1322 7
1117 1331 8
924 1248 1
911 1320 0
940 1329 1
451 1273 1
419 1274 1
1129 1292 5
54 1331 8
1237 1296 5
972 1330 6
536 1342 7
364 1347 7
97 1333 6
798 1337 3
1160 1347 7
1222 1332 6
1209 1342 7
791 1339 1
419 1341 7
503 1260 7
334 1339 1
185 1299 7
877 1331 8
1054 1313 7
926 1309 2
666 1273 1
29 1317 4
987 1337 3
444 1331 8
106 1329 1
1211 1354 6
1177 1248 1
571 1290 5
225 1262 7
239 1288 5
12 1280 4
1053 1316 3
372 1331 8
762 1298 7
555 1290 5
699 1279 2
578 1347 7
1068 1320 0
1146 1316 3
605 1337 3
945 1328 1
832 1343 3
609 1273 1
297 1331 8
78 1298 7
549 1357 0
894 1264 4
685 1310 7
1219 1347 7
659 1325 6
28 1331 8
688 1262 7
97 1299 7
352 1353 6
637 1357 0
156 1266 6
194 1260 7
478 1279 2
562 1323 7
121 1299 7
1047 1331 8
196 1320 0
1102 1273 1
870 1299 7
546 1322 7
342 1279 2
1075 1337 3
716 1337 3
602 1276 6
342 1242 1
1016 1279 2
264 1337 3
543 1264 4
900 1331 8
1058 1330 6
79 1339 1
332 1280 4
507 1331 8
1187 1295 5
371 1331 8
257 1355 6
271 1299 7
204 1332 6
500 1264 4
509 1354 6
852 1255 6
468 1331 8
730 1242 1
222 1273 1
794 1264 4
1223 1310 7
54 1320 0
1037 1264 4
887 1355 6
418 1357 0
1074 1330 6
1096 1242 1
659 1268 6
1106 1262 7
274 1342 7
470 1261 6
781 1255 6
509 1279 2
619 1279 2
642 1279 2
653 1279 2
878 1342 7
458 1347 7
263 1333 6
857 1354 6
428 1279 2
1044 1264 4
496 1347 7
88 1357 0
102 1283 6
94 1341 7
310 1356 7
967 1355 6
158 1279 2
1212 1331 8
360 1261 6
944 1331 8
500 1339 1
1101 1279 2
620 1356 7
1158 1332 6
301 1331 8
1211 1316 3
98 1347 7
242 1354 6
1168 1255 6
366 1317 4
403 1279 2
1078 1242 1
115 1337 3
568 1357 0
1212 1338 1
759 1297 5
238 1292 5
220 1261 6
781 1331 8
534 1322 7
471 1295 5
189 1331 8
1201 1330 6
881 1251 6
151 1326 5
1040 1328 1
1175 1331 8
307 1242 1
290 1337 3
514 1357 0
1165 1274 1
674 1273 1
862 1331 8
271 1316 3
105 1337 3
712 1337 3
234 1330 6
656 1279 2
1009 1320 0
514 1331 8
451 1320 0
1097 1255 6
1158 1339 1
477 1280 4
1011 1331 8
22 1309 2
760 1354 6
1134 1266 6
347 1339 1
293 1280 4
9 1279 2
313 1280 4
1182 1273 1
619 1293 5
524 1279 2
255 1280 4
609 1347 7
908 1342 7
189 1255 6
433 1297 5
445 1280 4
254 1331 8
1021 1339 1
572 1316 3
702 1313 7
803 1291 5
976 1299 7
535 1264 4
590 1331 8
256 1333 6
90 1356 7
1174 1255 6
210 1297 5
199 1259 7
777 1342 7
941 1242 1
786 1322 7
348 1331 8
945 1337 3
919 1339 1
442 1354 6
742 1332 6
248 1303 1
783 1326 5
83 1255 6
716 1299 7
116 1331 8
1173 1342 7
1056 1295 5
564 1300 6
349 1279 2
6 1320 0
872 1299 7
695 1320 0
404 1310 7
742 1299 7
395 1309 2
1150 1337 3
721 1309 2
741 1279 2
112 1320 0
393 1310 7
979 1342 7
1155 1280 4
583 1333 6
77 1260 7
448 1320 0
343 1331 8
1165 1331 8
692 1262 7
1168 1331 8
621 1310 7
44 1255 6
164 1274 1
1123 1279 2
1131 1320 0
352 1337 3
60 1320 0
145 1342 7
741 1331 8
1188 1355 6
959 1264 4
1050 1273 1
132 1320 0
1045 1273 1
768 1348 6
574 1242 1
1037 1320 0
814 1354 6
356 1279 2
186 1299 7
1201 1283 6
813 1288 5
802 1289 5
241 1242 1
684 1242 1
733 1347 7
193 1320 0
296 1354 6
570 1322 7
851 1353 6
454 1355 6
388 1337 3
822 1248 1
1133 1320 0
1123 1288 5
647 1262 7
357 1255 6
196 1342 7
732 1295 5
1186 1280 4
1084 1299 7
27 1333 6
174 1295 5
416 1273 1
701 1342 7
1094 1331 8
269 1309 2
387 1330 6
1148 1320 0
753 1332 6
286 1357 0
753 1296 5
18 1342 7
195 1337 3
16 1248 1
1035 1273 1
1196 1347 7
663 1299 7
119 1283 6
1044 1356 7
220 1309 2
153 1309 2
366 1298 7
897 1355 6
80 1316 3
912 1252 6
845 1280 4
344 1313 7
22 1325 6
553 1331 8
0 1341 7
281 1292 5
211 1341 7
823 1280 4
1088 1279 2
57 1280 4
1065 1337 3
172 1331 8
26 1298 7
901 1342 7
424 1320 0
26 1330 6
630 1331 8
325 1320 0
378 1292 5
880 1320 0
827 1292 5
746 1332 6
630 1274 1
1111 1357 0
765 1320 0
127 1280 4
318 1333 6
646 1320 0
927 1271 6
952 1261 6
916 1357 0
329 1354 6
509 1290 5
641 1325 6
752 1337 3
1039 1264 4
577 1297 5
344 1341 7
104 1261 6
115 1299 7
292 1331 8
49 1288 5
660 1264 4
589 1331 8
135 1331 8
950 1347 7
1209 1337 3
564 1280 4
190 1299 7
247 1299 7
200 1337 3
1034 1309 2
1238 1247 6
155 1279 2
23 1357 0
52 1279 2
507 1299 7
999 1354 6
890 1339 1
500 1315 6
342 1255 6
126 1259 7
24 1264 4
1033 1320 0
789 1331 8
14 1357 0
821 1273 1
663 1273 1
1047 1339 1
1224 1279 2
299 1316 3
710 1342 7
522 1342 7
31 1280 4
621 1280 4
1104 1248 1
384 1280 4
1163 1299 7
903 1280 4
580 1347 7
931 1320 0
703 1296 5
828 1279 2
1046 1320 0
332 1279 2
187 1273 1
704 1280 4
666 1242 1
1122 1320 0
1040 1248 1
470 1260 7
515 1316 3
80 1331 8
772 1298 7
870 1273 1
134 1242 1
1193 1280 4
29 1306 6
1002 1309 2
58 1309 2
1026 1331 8
442 1320 0
269 1283 6
632 1345 7
325 1299 7
15 1355 6
162 1264 4
148 1310 7
1023 1342 7
1207 1337 3
302 1331 8
166 1339 1
1145 1332 6
795 1354 6
898 1320 0
519 1354 6
591 1255 6
50 1315 6
491 1313 7
1045 1296 5
422 1280 4
909 1255 6
181 1255 6
352 1266 6
75 1294 5
368 1274 1
1143 1331 8
100 1320 0
493 1343 3
425 1274 1
1190 1279 2
39 1279 2
936 1315 6
1233 1313 7
871 1330 6
90 1278 5
1201 1258 7
115 1280 4
387 1316 3
917 1337 3
269 1273 1
63 1292 5
263 1255 6
61 1356 7
365 1299 7
600 1347 7
1150 1345 7
775 1334 6
671 1331 8
1157 1299 7
581 1283 6
586 1310 7
434 1331 8
819 1255 6
909 1293 5
850 1339 1
793 1299 7
279 1280 4
281 1262 7
983 1255 6
404 1261 6
1202 1331 8
83 1266 6
1001 1331 8
1006 1255 6
760 1310 7
457 1279 2
148 1320 0
625 1261 6
392 1342 7
71 1298 7
1124 1341 7
200 1355 6
752 1329 1
709 1339 1
978 1331 8
1042 1331 8
1202 1242 1
748 1296 5
647 1337 3
415 1331 8
1170 1347 7
660 1273 1
779 1355 6
508 1261 6
355 1251 6
550 1334 6
658 1331 8
1161 1355 6
263 1345 7
160 1329 1
840 1264 4
286 1258 7
1007 1255 6
1095 1317 4
1047 1261 6
1082 1242 1
1142 1337 3
1172 1242 1
685 1314 6
14 1331 8
1210 1262 7
1120 1293 5
524 1299 7
323 1280 4
802 1322 7
987 1299 7
451 1313 7
43 1288 5
1016 1331 8
108 1329 1
94 1299 7
1186 1242 1
963 1274 1
247 1317 4
879 1276 6
318 1339 1
859 1255 6
1085 1331 8
630 1345 7
1000 1264 4
232 1273 1
182 1317 4
725 1347 7
371 1320 0
658 1299 7
275 1331 8
418 1331 8
242 1261 6
284 1295 5
803 1280 4
1179 1320 0
698 1320 0
577 1242 1
187 1310 7
917 1245 6
395 1345 7
301 1299 7
41 1354 6
186 1280 4
324 1264 4
138 1264 4
1051 1356 7
744 1329 1
403 1331 8
605 1324 6
557 1330 6
89 1309 2
251 1261 6
461 1317 4
147 1356 7
1083 1293 5
412 1331 8
375 1344 7
876 1337 3
335 1342 7
174 1345 7
1011 1342 7
942 1339 1
728 1342 7
1241 1310 7
873 1333 6
245 1337 3
512 1320 0
1192 1295 5
480 1320 0
1193 1248 1
1114 1309 2
972 1262 7
1016 1255 6
1081 1299 7
847 1347 7
974 1264 4
677 1264 4
850 1280 4
1100 1337 3
120 1341 7
774 1271 6
541 1282 6
1084 1320 0
1086 1297 5
881 1293 5
42 1264 4
1144 1291 5
646 1279 2
1052 1299 7
190 1313 7
1041 1245 6
35 1294 5
1051 1266 6
24 1357 0
608 1322 7
733 1248 1
919 1331 8
1038 1255 6
9 1315 6
848 1313 7
346 1333 6
374 1331 8
77 1315 6
869 1322 7
51 1279 2
490 1288 5
883 1331 8
325 1255 6
107 1331 8
671 1333 6
600 1298 7
320 1323 7
1027 1273 1
1027 1245 6
975 1247 6
531 1331 8
1062 1331 8
219 1330 6
759 1280 4
1102 1339 1
1018 1255 6
96 1279 2
408 1341 7
715 1283 6
176 1320 0
17 1288 5
210 1273 1
89 1261 6
814 1279 2
648 1331 8
33 1299 7
41 1242 1
593 1255 6
1191 1331 8
369 1292 5
32 1280 4
622 1309 2
957 1273 1
769 1245 6
266 1337 3
346 1339 1
1060 1337 3
884 1347 7
634 1262 7
519 1333 6
939 1279 2
723 1329 1
1224 1280 4
960 1271 6
993 1330 6
17 1242 1
709 1333 6
593 1357 0
781 1297 5
884 1280 4
720 1309 2
160 1331 8
735 1341 7
999 1329 1
1072 1357 0
213 1344 7
203 1330 6
412 1313 7
132 1261 6
38 1280 4
9 1255 6
1011 1280 4
974 1331 8
637 1315 6
1058 1273 1
1098 1331 8
635 1316 3
569 1320 0
454 1337 3
514 1337 3
505 1320 0
1153 1274 1
392 1296 5
676 1337 3
593 1260 7
962 1346 6
1053 1262 7
417 1255 6
556 1292 5
1203 1298 7
630 1320 0
1012 1280 4
1131 1339 1
853 1309 2
1173 1262 7
170 1279 2
1191 1273 1
64 1331 8
867 1342 7
1103 1309 2
977 1330 6
98 1298 7
298 1328 1
390 1342 7
1051 1355 6
469 1322 7
272 1248 1
105 1279 2
377 1255 6
677 1329 1
583 1323 7
494 1347 7
150 1330 6
969 1260 7
1134 1325 6
693 1357 0
327 1357 0
877 1280 4
131 1320 0
439 1331 8
486 1342 7
663 1242 1
671 1320 0
48 1322 7
699 1331 8
393 1295 5
982 1299 7
468 1347 7
858 1315 6
481 1260 7
679 1339 1
1203 1328 1
201 1341 7
370 1279 2
445 1330 6
586 1274 1
1075 1309 2
250 1299 7
1144 1280 4
867 1331 8
58 1301 6
56 1348 6
579 1354 6
145 1330 6
1222 1264 4
305 1322 7
512 1280 4
670 1316 3
74 1355 6
299 1354 6
714 1298 7
154 1331 8
689 1298 7
780 1289 5
258 1246 6
1026 1355 6
853 1337 3
537 1291 5
944 1280 4
989 1280 4
533 1309 2
618 1260 7
34 1279 2
664 1260 7
84 1316 3
561 1331 8
952 1342 7
123 1299 7
1017 1273 1
296 1334 6
416 1265 6
171 1288 5
1018 1355 6
918 1338 1
1086 1329 1
143 1356 7
1129 1354 6
50 1329 1
956 1322 7
593 1242 1
539 1331 8
1050 1333 6
220 1248 1
68 1289 5
56 1356 7
679 1322 7
895 1248 1
3 1295 5
127 1261 6
558 1299 7
595 1242 1
423 1262 7
1130 1292 5
655 1330 6
1061 1338 1
892 1347 7
540 1331 8
733 1291 5
487 1264 4
236 1357 0
84 1309 2
793 1255 6
1201 1325 6
852 1355 6
1153 1325 6
822 1320 0
1019 1331 8
1203 1299 7
1185 1324 6
622 1357 0
213 1295 5
833 1331 8
1228 1322 7
781 1309 2
192 1299 7
961 1320 0
641 1295 5
510 1264 4
756 1296 5
997 1310 7
261 1255 6
120 1337 3
165 1255 6
154 1264 4
813 1347 7
599 1280 4
971 1273 1
742 1248 1
387 1255 6
185 1310 7
1146 1291 5
803 1300 6
8 1313 7
195 1261 6
865 1342 7
152 1279 2
495 1331 8
818 1310 7
288 1342 7
1184 1279 2
190 1264 4
358 1279 2
172 1279 2
1 1273 1
818 1295 5
618 1347 7
1223 1260 7
42 1331 8
804 1355 6
464 1331 8
481 1331 8
130 1333 6
38 1320 0
563 1324 6
88 1339 1
1070 1295 5
729 1297 5
1067 1273 1
288 1273 1
757 1293 5
779 1331 8
1087 1297 5
1209 1260 7
10 1261 6
32 1347 7
27 1279 2
420 1320 0
507 1333 6
429 1331 8
282 1280 4
54 1255 6
731 1255 6
899 1293 5
315 1337 3
541 1310 7
141 1279 2
977 1354 6
261 1339 1
823 1279 2
834 1313 7
810 1255 6
1145 1293 5
1182 1356 7
230 1270 6
168 1261 6
74 1255 6
683 1313 7
893 1279 2
765 1342 7
1209 1330 6
1151 1330 6
827 1264 4
876 1309 2
901 1343 3
1203 1320 0
64 1356 7
250 1333 6
411 1291 5
843 1356 7
62 1279 2
56 1299 7
949 1320 0
109 1264 4
723 1308 1
12 1320 0
1069 1356 7
892 1317 4
91 1337 3
1199 1299 7
1129 1248 1
616 1295 5
889 1331 8
1203 1296 5
370 1299 7
724 1297 5
351 1347 7
625 1264 4
690 1242 1
954 1330 6
77 1293 5
775 1255 6
161 1280 4
1172 1273 1
293 1331 8
182 1297 5
1110 1296 5
744 1242 1
152 1331 8
977 1331 8
1015 1347 7
633 1347 7
476 1280 4
293 1339 1
82 1273 1
723 1331 8
1059 1337 3
269 1292 5
776 1339 1
56 1255 6
745 1339 1
258 1273 1
26 1354 6
670 1329 1
41 1280 4
376 1289 5
991 1316 3
678 1255 6
386 1270 6
103 1310 7
890 1331 8
825 1330 6
690 1356 7
491 1279 2
750 1297 5
248 1340 7
1156 1345 7
510 1270 6
988 1355 6
1112 1325 6
546 1289 5
515 1260 7
164 1320 0
696 1298 7
918 1242 1
139 1342 7
845 1320 0
1220 1296 5
431 1347 7
411 1279 2
56 1355 6
649 1347 7
1153 1356 7
115 1266 6
801 1288 5
335 1291 5
1151 1292 5
486 1291 5
658 1297 5
1049 1299 7
47 1337 3
806 1279 2
879 1333 6
1226 1309 2
650 1264 4
922 1309 2
718 1260 7
1 1261 6
564 1298 7
120 1264 4
487 1356 7
204 1341 7
77 1337 3
233 1279 2
796 1320 0
46 1280 4
843 1331 8
387 1328 1
1124 1337 3
1090 1282 6
810 1355 6
802 1331 8
1128 1339 1
464 1322 7
258 1339 1
467 1320 0
826 1331 8
872 1295 5
1189 1317 4
405 1328 1
294 1255 6
808 1299 7
792 1347 7
226 1320 0
1088 1331 8
1187 1331 8
401 1337 3
329 1292 5
915 1280 4
336 1279 2
316 1266 6
335 1262 7
1028 1344 7
1201 1261 6
1135 1280 4
389 1347 7
657 1316 3
383 1320 0
677 1331 8
931 1295 5
627 1331 8
115 1295 5
738 1347 7
931 1331 8
486 1279 2
85 1331 8
1150 1342 7
1039 1320 0
159 1273 1
607 1280 4
1178 1289 5
384 1328 1
1188 1295 5
546 1280 4
975 1264 4
292 1354 6
1117 1337 3
1067 1334 6
475 1242 1
917 1329 1
1180 1331 8
890 1248 1
72 1333 6
627 1255 6
1180 1295 5
1164 1280 4
223 1320 0
16 1337 3
666 1339 1
132 1337 3
798 1331 8
868 1331 8
888 1331 8
1171 1356 7
350 1320 0
11 1293 5
430 1279 2
1130 1331 8
730 1255 6
399 1279 2
496 1273 1
642 1356 7
160 1242 1
261 1331 8
241 1322 7
948 1279 2
783 1264 4
407 1264 4
1236 1255 6
751 1322 7
536 1242 1
413 1255 6
510 1320 0
1151 1322 7
584 1324 6
848 1356 7
740 1339 1
527 1279 2
900 1357 0
27 1341 7
915 1279 2
764 1356 7
1116 1355 6
513 1347 7
1176 1316 3
806 1339 1
781 1357 0
1033 1300 6
1039 1279 2
723 1299 7
24 1353 6
250 1295 5
1033 1315 6
544 1347 7
642 1331 8
563 1317 4
74 1299 7
793 1266 6
637 1280 4
1139 1320 0
651 1295 5
1152 1331 8
979 1309 2
1208 1279 2
670 1273 1
489 1320 0
131 1296 5
355 1357 0
1023 1320 0
30 1295 5
1029 1322 7
683 1320 0
1077 1329 1
698 1313 7
98 1290 5
1241 1295 5
8 1293 5
119 1279 2
794 1279 2
1010 1295 5
886 1316 3
327 1313 7
676 1295 5
165 1341 7
1185 1309 2
1016 1353 6
765 1347 7
879 1299 7
1109 1320 0
605 1317 4
737 1255 6
305 1310 7
571 1347 7
450 1347 7
345 1337 3
844 1279 2
1053 1357 0
1129 1340 7
237 1317 4
122 1342 7
22 1331 8
1158 1331 8
153 1330 6
948 1324 6
107 1337 3
316 1342 7
777 1292 5
646 1255 6
979 1354 6
408 1332 6
284 1259 7
58 1331 8
683 1242 1
1045 1279 2
221 1252 6
739 1280 4
736 1243 1
102 1261 6
876 1255 6
307 1333 6
1199 1296 5
953 1279 2
1083 1356 7
944 1320 0
883 1320 0
1177 1328 1
864 1297 5
1008 1309 2
297 1279 2
673 1309 2
1028 1255 6
1233 1331 8
961 1292 5
14 1322 7
598 1264 4
956 1279 2
47 1255 6
97 1341 7
585 1279 2
494 1255 6
680 1255 6
1139 1264 4
544 1262 7
1026 1353 6
791 1338 1
851 1356 7
751 1315 6
988 1342 7
1145 1331 8
201 1298 7
997 1339 1
426 1320 0
218 1320 0
1230 1290 5
232 1333 6
187 1282 6
744 1357 0
723 1303 1
207 1320 0
997 1297 5
156 1255 6
490 1280 4
213 1355 6
925 1288 5
530 1280 4
41 1255 6
719 1331 8
829 1264 4
41 1342 7
491 1289 5
992 1342 7
934 1280 4
211 1261 6
582 1357 0
688 1255 6
1065 1354 6
847 1255 6
84 1280 4
358 1273 1
1133 1339 1
266 1330 6
1081 1295 5
963 1310 7
734 1313 7
1221 1273 1
1083 1255 6
992 1256 6
579 1357 0
185 1324 6
753 1273 1
1075 1356 7
389 1255 6
214 1320 0
427 1337 3
1072 1310 7
688 1329 1
382 1347 7
684 1295 5
520 1288 5
1209 1309 2
104 1329 1
654 1320 0
524 1310 7
694 1320 0
828 1288 5
248 1299 7
634 1299 7
856 1299 7
54 1299 7
1060 1347 7
685 1264 4
312 1330 6
1069 1255 6
1211 1279 2
1092 1320 0
363 1264 4
354 1297 5
24 1331 8
254 1279 2
835 1347 7
924 1322 7
207 1255 6
383 1288 5
909 1330 6
740 1354 6
477 1255 6
527 1255 6
483 1343 3
798 1354 6
249 1255 6
864 1280 4
1157 1264 4
295 1280 4
1030 1279 2
1212 1339 1
895 1337 3
1231 1292 5
916 1322 7
1238 1299 7
249 1342 7
1169 1261 6
190 1354 6
875 1337 3
848 1309 2
1001 1337 3
123 1293 5
842 1247 6
97 1274 1
882 1280 4
86 1342 7
379 1289 5
365 1320 0
304 1356 7
475 1279 2
762 1320 0
368 1309 2
592 1288 5
292 1338 1
834 1279 2
622 1270 6
771 1329 1
1001 1279 2
961 1255 6
927 1331 8
1200 1342 7
462 1288 5
368 1331 8
687 1273 1
1032 1255 6
966 1320 0
959 1261 6
834 1280 4
382 1279 2
830 1331 8
311 1337 3
1092 1280 4
88 1317 4
901 1353 6
424 1295 5
494 1337 3
48 1292 5
112 1309 2
823 1337 3
663 1315 6
352 1280 4
1010 1345 7
735 1329 1
492 1317 4
1015 1354 6
975 1298 7
1055 1248 1
856 1298 7
123 1357 0
115 1353 6
694 1345 7
755 1320 0
21 1316 3
905 1313 7
5 1261 6
1236 1280 4
361 1280 4
826 1261 6
110 1309 2
1171 1310 7
351 1331 8
290 1342 7
701 1330 6
227 1331 8
1142 1339 1
48 1264 4
126 1264 4
1027 1331 8
377 1280 4
693 1347 7
499 1264 4
270 1274 1
151 1320 0
1056 1330 6
907 1280 4
4 1242 1
20 1242 1
1024 1357 0
1006 1333 6
992 1331 8
367 1331 8
138 1242 1
378 1342 7
417 1337 3
838 1299 7
653 1337 3
1087 1331 8
244 1337 3
307 1299 7
785 1342 7
422 1290 5
641 1245 6
1093 1305 5
885 1264 4
421 1288 5
413 1330 6
892 1337 3
189 1262 7
165 1320 0
375 1331 8
276 1338 1
835 1331 8
134 1331 8
1199 1354 6
1210 1337 3
50 1259 7
1236 1345 7
815 1331 8
120 1354 6
396 1356 7
78 1279 2
146 1310 7
577 1339 1
1036 1255 6
754 1248 1
183 1273 1
510 1279 2
38 1356 7
451 1331 8
503 1330 6
962 1337 3
600 1255 6
957 1354 6
457 1347 7
1134 1357 0
109 1266 6
246 1320 0
529 1347 7
1190 1313 7
648 1347 7
1241 1331 8
1126 1255 6
43 1320 0
1109 1273 1
715 1337 3
618 1331 8
1139 1279 2
99 1331 8
827 1279 2
1174 1295 5
1238 1333 6
715 1333 6
884 1255 6
1211 1293 5
707 1355 6
131 1279 2
1193 1273 1
719 1347 7
366 1299 7
259 1310 7
975 1331 8
821 1248 1
442 1283 6
638 1293 5
416 1279 2
971 1264 4
1180 1353 6
851 1299 7
594 1279 2
820 1320 0
390 1280 4
955 1320 0
423 1330 6
360 1331 8
885 1293 5
1008 1331 8
303 1356 7
996 1325 6
1137 1320 0
167 1337 3
55 1264 4
24 1337 3
668 1330 6
730 1264 4
359 1280 4
655 1337 3
687 1333 6
694 1339 1
1183 1280 4
648 1279 2
945 1261 6
1031 1299 7
975 1297 5
688 1264 4
953 1331 8
782 1279 2
323 1337 3
456 1331 8
750 1320 0
731 1356 7
715 1280 4
294 1280 4
312 1309 2
348 1264 4
210 1357 0
22 1329 1
26 1331 8
172 1280 4
742 1341 7
278 1320 0
1061 1288 5
826 1355 6
75 1320 0
488 1341 7
132 1309 2
1236 1295 5
774 1315 6
1039 1354 6
959 1293 5
654 1292 5
589 1290 5
880 1295 5
327 1264 4
637 1255 6
258 1331 8
964 1330 6
1160 1337 3
543 1290 5
235 1264 4
1081 1314 6
1221 1339 1
550 1264 4
313 1342 7
943 1357 0
128 1347 7
137 1320 0
866 1331 8
926 1347 7
33 1280 4
223 1280 4
198 1274 1
216 1337 3
601 1279 2
50 1261 6
114 1279 2
993 1313 7
219 1309 2
933 1337 3
983 1333 6
112 1295 5
532 1329 1
971 1357 0
808 1342 7
643 1309 2
1214 1279 2
687 1279 2
104 1242 1
667 1255 6
306 1330 6
581 1320 0
1173 1345 7
525 1288 5
947 1280 4
1010 1333 6
954 1337 3
1240 1341 7
920 1264 4
941 1276 6
152 1320 0
188 1347 7
538 1310 7
372 1261 6
33 1298 7
1055 1260 7
481 1290 5
89 1331 8
1162 1274 1
1115 1355 6
331 1320 0
1199 1329 1
1063 1280 4
337 1255 6
953 1288 5
932 1357 0
698 1262 7
601 1331 8
662 1320 0
983 1280 4
485 1264 4
231 1315 6
1002 1354 6
522 1345 7
1159 1313 7
257 1255 6
195 1293 5
244 1355 6
252 1264 4
885 1273 1
208 1280 4
559 1331 8
530 1339 1
1210 1280 4
1057 1296 5
1004 1261 6
344 1317 4
850 1262 7
189 1330 6
1171 1274 1
1140 1270 6
669 1293 5
891 1337 3
718 1255 6
610 1309 2
71 1333 6
148 1329 1
1109 1283 6
101 1299 7
743 1356 7
206 1310 7
1234 1255 6
895 1255 6
949 1331 8
854 1280 4
1227 1339 1
1164 1279 2
654 1315 6
441 1289 5
436 1331 8
779 1299 7
110 1320 0
869 1331 8
1204 1331 8
420 1264 4
75 1255 6
56 1293 5
644 1309 2
528 1320 0
712 1344 7
1219 1322 7
12 1279 2
1045 1242 1
513 1316 3
213 1331 8
471 1299 7
236 1279 2
1064 1262 7
796 1279 2
1165 1339 1
1081 1255 6
546 1260 7
885 1242 1
1052 1255 6
41 1313 7
1145 1273 1
41 1309 2
388 1295 5
343 1292 5
993 1261 6
65 1355 6
408 1331 8
906 1273 1
220 1242 1
946 1273 1
145 1333 6
159 1296 5
14 1309 2
704 1357 0
784 1331 8
1120 1337 3
1154 1341 7
755 1317 4
628 1279 2
1214 1347 7
664 1264 4
320 1337 3
96 1260 7
762 1331 8
1026 1337 3
984 1280 4
347 1322 7
130 1295 5
891 1280 4
1190 1357 0
891 1339 1
291 1270 6
45 1264 4
1212 1248 1
168 1316 3
1117 1295 5
412 1279 2
222 1337 3
294 1279 2
189 1293 5
808 1355 6
78 1320 0
840 1316 3
1214 1320 0
1185 1320 0
310 1259 7
758 1320 0
179 1328 1
933 1283 6
288 1337 3
1113 1266 6
575 1279 2
752 1297 5
907 1329 1
340 1317 4
503 1262 7
652 1279 2
657 1260 7
1066 1331 8
891 1341 7
518 1242 1
397 1315 6
1049 1255 6
1061 1320 0
308 1331 8
71 1331 8
235 1356 7
185 1337 3
861 1261 6
218 1261 6
379 1330 6
457 1264 4
454 1357 0
106 1356 7
949 1273 1
259 1322 7
13 1330 6
192 1337 3
789 1295 5
25 1280 4
243 1266 6
519 1322 7
1 1333 6
747 1270 6
1160 1331 8
404 1263 6
95 1299 7
494 1245 6
262 1343 3
951 1329 1
852 1279 2
1180 1271 6
838 1279 2
273 1337 3
1231 1255 6
164 1331 8
956 1316 3
500 1337 3
132 1295 5
67 1280 4
614 1316 3
769 1357 0
611 1357 0
456 1266 6
806 1338 1
742 1270 6
1062 1299 7
180 1279 2
660 1316 3
890 1299 7
396 1295 5
948 1320 0
938 1264 4
692 1343 3
580 1280 4
482 1320 0
844 1331 8
195 1279 2
526 1280 4
19 1280 4
579 1291 5
229 1320 0
917 1331 8
267 1273 1
756 1347 7
1067 1260 7
140 1337 3
567 1279 2
34 1255 6
346 1270 6
668 1342 7
1055 1341 7
136 1331 8
788 1279 2
732 1330 6
1171 1324 6
1046 1322 7
364 1309 2
88 1248 1
807 1354 6
1186 1337 3
585 1264 4
694 1279 2
623 1298 7
47 1266 6
975 1337 3
773 1320 0
1082 1333 6
251 1315 6
1139 1297 5
1169 1337 3
1051 1279 2
906 1279 2
48 1273 1
1156 1356 7
985 1320 0
191 1343 3
139 1316 3
747 1264 4
233 1339 1
1081 1339 1
493 1260 7
1135 1353 6
551 1242 1
959 1276 6
1020 1280 4
456 1271 6
907 1248 1
9 1333 6
512 1295 5
416 1292 5
1116 1255 6
622 1255 6
730 1299 7
462 1320 0
1215 1331 8
687 1242 1
278 1262 7
1177 1298 7
1216 1337 3
146 1295 5
463 1243 1
20 1357 0
561 1289 5
184 1354 6
1085 1280 4
165 1330 6
853 1356 7
178 1292 5
563 1337 3
354 1330 6
856 1255 6
812 1320 0
1198 1341 7
272 1322 7
220 1354 6
34 1328 1
985 1279 2
257 1279 2
396 1280 4
553 1289 5
909 1280 4
1144 1320 0
695 1339 1
404 1283 6
277 1248 1
23 1280 4
284 1331 8
695 1273 1
1020 1320 0
689 1356 7
525 1279 2
66 1356 7
543 1320 0
980 1261 6
691 1331 8
433 1255 6
12 1255 6
972 1261 6
785 1337 3
540 1309 2
91 1273 1
622 1337 3
474 1316 3
196 1331 8
522 1280 4
170 1320 0
351 1322 7
209 1342 7
193 1330 6
71 1299 7
947 1354 6
432 1331 8
257 1294 5
122 1295 5
1240 1333 6
77 1304 1
906 1331 8
1077 1242 1
1233 1292 5
8 1316 3
61 1242 1
263 1279 2
1091 1262 7
454 1259 7
815 1356 7
1150 1280 4
962 1342 7
577 1331 8
925 1316 3
64 1297 5
157 1279 2
1037 1354 6
768 1337 3
393 1354 6
375 1316 3
1007 1279 2
696 1334 6
726 1331 8
794 1356 7
37 1279 2
466 1320 0
1165 1357 0
1128 1338 1
476 1299 7
120 1330 6
1006 1295 5
844 1298 7
528 1347 7
344 1342 7
1199 1320 0
1004 1331 8
1241 1337 3
1141 1356 7
1050 1280 4
772 1309 2
343 1337 3
1207 1292 5
1235 1279 2
200 1320 0
1158 1279 2
659 1264 4
300 1264 4
792 1337 3
1177 1315 6
139 1357 0
384 1320 0
698 1354 6
949 1341 7
58 1337 3
795 1337 3
974 1248 1
193 1261 6
78 1337 3
274 1264 4
413 1354 6
1153 1333 6
431 1316 3
834 1299 7
905 1292 5
1069 1342 7
76 1298 7
502 1320 0
1055 1270 6
519 1279 2
1152 1242 1
192 1255 6
1227 1310 7
397 1299 7
391 1320 0
1035 1261 6
867 1320 0
276 1320 0
235 1242 1
1155 1279 2
1085 1320 0
33 1315 6
1211 1331 8
1014 1355 6
1167 1291 5
646 1264 4
1137 1264 4
53 1279 2
756 1339 1
383 1309 2
360 1280 4
785 1313 7
1001 1320 0
814 1320 0
1241 1357 0
880 1299 7
1055 1331 8
527 1260 7
1024 1342 7
910 1273 1
1239 1259 7
425 1310 7
1033 1341 7
34 1273 1
378 1337 3
461 1331 8
333 1299 7
708 1276 6
160 1298 7
1047 1354 6
380 1316 3
1048 1299 7
334 1299 7
268 1317 4
158 1330 6
284 1337 3
112 1282 6
858 1343 3
379 1320 0
902 1331 8
640 1280 4
212 1261 6
774 1337 3
948 1274 1
1096 1292 5
1151 1320 0
838 1242 1
1000 1357 0
1085 1342 7
832 1342 7
225 1292 5
776 1337 3
890 1354 6
180 1320 0
11 1316 3
942 1316 3
302 1342 7
500 1331 8
1029 1316 3
1104 1331 8
611 1283 6
848 1342 7
71 1279 2
497 1328 1
981 1259 7
27 1337 3
5 1337 3
696 1246 6
957 1331 8
64 1279 2
307 1320 0
194 1354 6
1172 1255 6
322 1342 7
219 1262 7
566 1279 2
1166 1339 1
858 1264 4
941 1320 0
866 1322 7
424 1279 2
705 1299 7
1137 1331 8
1233 1357 0
532 1341 7
285 1339 1
974 1330 6
916 1260 7
739 1298 7
355 1299 7
752 1248 1
88 1329 1
288 1279 2
995 1320 0
903 1354 6
640 1347 7
694 1310 7
1065 1299 7
475 1261 6
1047 1337 3
277 1331 8
771 1255 6
187 1331 8
1006 1273 1
206 1347 7
77 1248 1
844 1339 1
1196 1280 4
54 1355 6
1171 1337 3
923 1320 0
171 1331 8
819 1329 1
676 1243 1
755 1309 2
777 1280 4
16 1320 0
793 1353 6
505 1331 8
1176 1331 8
35 1320 0
578 1331 8
274 1242 1
1039 1292 5
184 1330 6
791 1330 6
526 1341 7
1054 1331 8
1092 1340 7
172 1355 6
57 1354 6
869 1316 3
1133 1280 4
510 1313 7
1119 1337 3
1176 1279 2
298 1331 8
839 1331 8
800 1331 8
817 1271 6
1235 1342 7
158 1260 7
484 1279 2
1048 1280 4
1025 1337 3
55 1279 2
107 1279 2
1014 1289 5
1119 1355 6
998 1260 7
555 1316 3
765 1309 2
576 1289 5
1010 1255 6
397 1354 6
610 1273 1
614 1291 5
400 1298 7
1096 1261 6
712 1274 1
179 1280 4
747 1339 1
74 1293 5
611 1337 3
319 1299 7
993 1331 8
1226 1320 0
432 1343 3
281 1342 7
841 1333 6
289 1248 1
70 1337 3
510 1290 5
800 1333 6
944 1342 7
933 1293 5
1049 1264 4
506 1331 8
1083 1251 6
693 1261 6
1019 1320 0
998 1292 5
599 1290 5
857 1292 5
765 1292 5
273 1313 7
484 1280 4
957 1260 7
788 1357 0
341 1279 2
583 1337 3
343 1309 2
555 1320 0
91 1357 0
353 1295 5
60 1355 6
771 1260 7
908 1356 7
348 1320 0
1003 1292 5
774 1331 8
752 1242 1
860 1341 7
1075 1339 1
1116 1295 5
1035 1322 7
1089 1280 4
289 1264 4
926 1290 5
798 1342 7
883 1337 3
1021 1273 1
104 1357 0
688 1309 2
292 1357 0
1103 1342 7
772 1331 8
1124 1320 0
486 1280 4
440 1290 5
1208 1255 6
212 1354 6
115 1271 6
197 1309 2
996 1330 6
604 1279 2
224 1248 1
211 1354 6
965 1320 0
66 1355 6
364 1331 8
412 1320 0
954 1309 2
356 1331 8
1005 1279 2
973 1290 5
158 1280 4
718 1331 8
1185 1299 7
329 1342 7
977 1280 4
367 1264 4
519 1247 6
1158 1297 5
146 1330 6
82 1354 6
455 1255 6
218 1242 1
468 1320 0
826 1357 0
700 1331 8
1186 1273 1
567 1347 7
548 1292 5
913 1309 2
919 1357 0
777 1255 6
486 1255 6
1074 1356 7
1067 1298 7
495 1320 0
193 1242 1
838 1347 7
1047 1280 4
893 1320 0
1032 1320 0
981 1295 5
399 1337 3
333 1357 0
739 1330 6
218 1333 6
603 1292 5
575 1255 6
261 1330 6
659 1357 0
487 1272 6
772 1320 0
847 1353 6
977 1293 5
166 1331 8
113 1255 6
352 1296 5
361 1337 3
851 1266 6
495 1264 4
966 1313 7
366 1293 5
509 1261 6
964 1337 3
220 1347 7
387 1279 2
742 1255 6
1070 1355 6
799 1355 6
532 1255 6
518 1273 1
197 1280 4
707 1316 3
818 1252 6
705 1314 6
1156 1297 5
339 1292 5
321 1245 6
918 1339 1
200 1309 2
816 1345 7
1189 1357 0
776 1328 1
900 1262 7
23 1299 7
890 1337 3
178 1331 8
290 1356 7
1135 1320 0
878 1344 7
558 1320 0
216 1242 1
1150 1313 7
230 1295 5
931 1309 2
1020 1279 2
810 1264 4
1145 1333 6
575 1328 1
88 1331 8
775 1337 3
52 1280 4
198 1242 1
705 1329 1
180 1331 8
119 1255 6
208 1337 3
157 1271 6
107 1273 1
803 1313 7
1154 1279 2
987 1333 6
948 1328 1
225 1317 4
584 1317 4
902 1332 6
736 1279 2
615 1337 3
784 1289 5
715 1331 8
153 1292 5
319 1354 6
621 1266 6
397 1283 6
853 1299 7
846 1294 5
178 1320 0
364 1357 0
267 1333 6
726 1357 0
333 1342 7
1094 1293 5
1059 1341 7
546 1309 2
250 1255 6
349 1255 6
770 1295 5
1034 1328 1
1031 1303 1
1205 1292 5
1133 1354 6
508 1309 2
979 1313 7
1007 1295 5
1053 1339 1
942 1298 7
65 1255 6
91 1243 1
785 1264 4
1026 1271 6
1025 1355 6
690 1292 5
1137 1279 2
211 1310 7
999 1322 7
358 1331 8
1129 1279 2
1024 1279 2
339 1354 6
108 1299 7
18 1355 6
461 1279 2
841 1322 7
1212 1253 6
391 1342 7
258 1354 6
982 1337 3
918 1347 7
332 1345 7
156 1356 7
917 1341 7
731 1309 2
123 1261 6
976 1242 1
117 1288 5
1040 1331 8
844 1280 4
1142 1280 4
373 1259 7
740 1330 6
978 1291 5
518 1279 2
762 1354 6
967 1337 3
763 1331 8
150 1345 7
770 1355 6
869 1292 5
573 1274 1
82 1322 7
45 1316 3
604 1320 0
50 1273 1
51 1313 7
1241 1354 6
275 1340 7
204 1299 7
1090 1310 7
691 1280 4
840 1320 0
265 1279 2
807 1242 1
1015 1342 7
1191 1347 7
134 1339 1
466 1290 5
199 1264 4
176 1272 6
1093 1331 8
1169 1255 6
1229 1357 0
1205 1264 4
1140 1317 4
802 1337 3
157 1255 6
1122 1292 5
226 1273 1
58 1345 7
323 1296 5
1076 1280 4
16 1342 7
51 1331 8
581 1347 7
382 1343 3
557 1316 3
1035 1289 5
215 1260 7
526 1315 6
1153 1298 7
576 1264 4
318 1280 4
442 1290 5
374 1320 0
1040 1279 2
741 1343 3
573 1356 7
1098 1255 6
237 1343 3
1206 1313 7
103 1242 1
888 1279 2
804 1255 6
503 1309 2
25 1262 7
1053 1322 7
18 1320 0
472 1264 4
102 1354 6
47 1271 6
33 1279 2
295 1333 6
1113 1348 6
25 1357 0
1177 1264 4
112 1341 7
1140 1345 7
727 1264 4
1022 1320 0
1100 1298 7
1221 1280 4
1101 1331 8
62 1299 7
766 1344 7
207 1330 6
197 1331 8
325 1355 6
246 1261 6
1147 1345 7
159 1333 6
48 1261 6
1031 1273 1
159 1299 7
1139 1330 6
847 1320 0
1092 1255 6
987 1356 7
14 1293 5
732 1274 1
385 1322 7
279 1357 0
763 1343 3
939 1337 3
879 1331 8
974 1320 0
802 1333 6
370 1280 4
1005 1330 6
579 1280 4
940 1264 4
574 1337 3
746 1279 2
786 1331 8
1143 1279 2
261 1342 7
974 1337 3
636 1347 7
972 1342 7
22 1315 6
1056 1320 0
212 1264 4
535 1331 8
846 1356 7
17 1347 7
157 1266 6
324 1279 2
499 1316 3
800 1255 6
1215 1242 1
234 1279 2
879 1274 1
733 1242 1
270 1333 6
369 1262 7
364 1288 5
945 1313 7
320 1331 8
143 1255 6
297 1347 7
270 1310 7
129 1295 5
990 1330 6
1118 1315 6
350 1280 4
124 1322 7
911 1309 2
1182 1339 1
1100 1270 6
212 1337 3
815 1274 1
178 1338 1
1100 1279 2
849 1331 8
1134 1255 6
263 1331 8
818 1330 6
792 1299 7
212 1320 0
275 1355 6
1184 1255 6
665 1331 8
837 1351 6
575 1341 7
205 1299 7
305 1356 7
972 1270 6
736 1280 4
928 1337 3
1037 1342 7
1108 1320 0
677 1273 1
836 1320 0
747 1333 6
725 1255 6
192 1357 0
789 1279 2
307 1339 1
737 1342 7
321 1264 4
763 1242 1
1037 1248 1
656 1242 1
45 1347 7
106 1299 7
210 1242 1
502 1280 4
290 1292 5
918 1279 2
778 1331 8
564 1356 7
366 1354 6
881 1255 6
179 1331 8
898 1355 6
853 1348 6
381 1297 5
654 1316 3
383 1347 7
218 1337 3
867 1242 1
109 1353 6
20 1337 3
805 1356 7
405 1331 8
129 1273 1
188 1280 4
480 1255 6
18 1299 7
408 1299 7
637 1330 6
1073 1320 0
358 1261 6
206 1280 4
286 1292 5
1205 1341 7
89 1260 7
687 1255 6
575 1333 6
988 1320 0
400 1331 8
371 1317 4
42 1299 7
921 1343 3
132 1333 6
196 1279 2
186 1337 3
434 1299 7
358 1341 7
1136 1296 5
396 1331 8
1000 1255 6
1192 1279 2
752 1255 6
917 1260 7
688 1261 6
695 1328 1
467 1316 3
208 1299 7
625 1322 7
1184 1320 0
607 1279 2
187 1342 7
1189 1274 1
1143 1338 1
799 1279 2
794 1320 0
981 1279 2
924 1339 1
1032 1315 6
689 1333 6
1050 1243 1
1063 1255 6
750 1317 4
473 1337 3
1158 1248 1
390 1331 8
548 1255 6
1060 1357 0
1102 1248 1
801 1320 0
32 1354 6
713 1331 8
339 1309 2
500 1261 6
500 1309 2
916 1264 4
16 1261 6
182 1339 1
925 1280 4
1137 1344 7
302 1242 1
1042 1320 0
527 1347 7
506 1342 7
986 1264 4
174 1337 3
1062 1264 4
532 1299 7
920 1337 3
338 1264 4
844 1274 1
1181 1255 6
1062 1295 5
996 1337 3
309 1259 7
774 1356 7
978 1320 0
552 1347 7
98 1255 6
1219 1279 2
446 1279 2
701 1262 7
1170 1280 4
1046 1309 2
294 1354 6
34 1339 1
58 1355 6
398 1347 7
1129 1322 7
116 1320 0
213 1255 6
545 1331 8
934 1337 3
150 1264 4
932 1316 3
167 1331 8
713 1355 6
524 1261 6
569 1316 3
746 1273 1
931 1337 3
978 1354 6
1002 1295 5
1176 1347 7
643 1264 4
393 1337 3
286 1333 6
168 1280 4
1199 1298 7
912 1339 1
1022 1264 4
614 1331 8
1095 1337 3
496 1337 3
609 1280 4
270 1299 7
948 1297 5
658 1320 0
5 1345 7
234 1264 4
403 1295 5
125 1299 7
259 1309 2
417 1299 7
236 1342 7
996 1320 0
1160 1261 6
809 1320 0
221 1273 1
201 1309 2
437 1309 2
377 1279 2
1147 1320 0
237 1323 7
698 1293 5
1179 1316 3
818 1333 6
933 1261 6
267 1280 4
569 1290 5
315 1320 0
1040 1339 1
226 1329 1
965 1290 5
120 1270 6
1215 1337 3
1052 1320 0
473 1320 0
448 1348 6
408 1242 1
541 1299 7
968 1339 1
440 1322 7
1094 1342 7
426 1347 7
359 1276 6
334 1298 7
1031 1330 6
1122 1261 6
449 1279 2
714 1332 6
988 1280 4
498 1299 7
505 1333 6
236 1299 7
120 1297 5
735 1298 7
1221 1255 6
290 1357 0
756 1309 2
638 1255 6
388 1320 0
994 1296 5
409 1279 2
1073 1292 5
1128 1273 1
58 1264 4
607 1316 3
280 1255 6
936 1320 0
971 1334 6
653 1261 6
105 1299 7
308 1271 6
36 1279 2
29 1297 5
693 1309 2
531 1322 7
264 1343 3
20 1296 5
846 1255 6
974 1339 1
1102 1289 5
895 1242 1
35 1331 8
422 1313 7
309 1342 7
88 1297 5
799 1342 7
1139 1341 7
736 1357 0
121 1255 6
218 1309 2
340 1279 2
884 1260 7
715 1262 7
856 1342 7
611 1309 2
827 1354 6
2 1264 4
1132 1297 5
554 1264 4
222 1309 2
723 1273 1
1189 1310 7
550 1320 0
75 1331 8
1045 1330 6
864 1279 2
573 1309 2
1225 1310 7
1021 1280 4
1048 1342 7
370 1331 8
1020 1341 7
490 1316 3
152 1316 3
776 1299 7
306 1328 1
1218 1331 8
940 1255 6
582 1322 7
1110 1337 3
891 1279 2
401 1264 4
439 1354 6
34 1242 1
518 1345 7
767 1242 1
135 1279 2
1212 1285 7
443 1347 7
1000 1279 2
674 1339 1
1118 1330 6
621 1333 6
208 1355 6
517 1291 5
41 1329 1
87 1320 0
751 1292 5
371 1341 7
318 1331 8
40 1320 0
126 1357 0
484 1347 7
871 1317 4
1157 1266 6
309 1279 2
503 1317 4
167 1280 4
983 1299 7
616 1300 6
575 1297 5
453 1320 0
226 1354 6
213 1299 7
1043 1320 0
1218 1344 7
440 1282 6
61 1248 1
1153 1309 2
0 1337 3
425 1317 4
69 1342 7
518 1299 7
361 1242 1
1142 1341 7
438 1320 0
685 1297 5
181 1331 8
929 1347 7
967 1279 2
6 1337 3
858 1337 3
1041 1324 6
363 1297 5
1193 1242 1
556 1280 4
244 1356 7
606 1347 7
1004 1264 4
1053 1264 4
351 1343 3
748 1315 6
222 1328 1
1204 1248 1
972 1320 0
902 1244 6
410 1273 1
671 1315 6
389 1260 7
106 1333 6
192 1309 2
768 1353 6
269 1317 4
803 1343 3
119 1296 5
259 1331 8
687 1339 1
1112 1298 7
992 1261 6
794 1316 3
901 1331 8
1036 1323 7
1023 1331 8
968 1242 1
745 1343 3
320 1264 4
1033 1342 7
724 1331 8
1238 1273 1
292 1248 1
1031 1255 6
600 1279 2
593 1292 5
451 1330 6
145 1309 2
1176 1354 6
49 1320 0
92 1263 6
269 1357 0
1191 1242 1
812 1280 4
1188 1301 6
575 1273 1
695 1298 7
887 1266 6
985 1261 6
932 1354 6
1095 1295 5
841 1260 7
376 1273 1
215 1354 6
612 1264 4
1066 1337 3
270 1242 1
338 1316 3
502 1273 1
671 1291 5
208 1347 7
1217 1320 0
44 1279 2
480 1347 7
509 1320 0
72 1341 7
341 1347 7
171 1320 0
465 1331 8
738 1320 0
311 1331 8
393 1331 8
724 1333 6
810 1259 7
222 1357 0
863 1333 6
972 1337 3
1057 1255 6
832 1288 5
936 1347 7
777 1355 6
1193 1338 1
775 1242 1
346 1245 6
744 1298 7
1069 1293 5
738 1339 1
802 1280 4
554 1347 7
493 1261 6
68 1242 1
73 1261 6
249 1264 4
644 1255 6
1060 1293 5
689 1262 7
661 1331 8
243 1299 7
108 1296 5
8 1354 6
771 1264 4
1213 1342 7
186 1279 2
626 1316 3
512 1279 2
547 1320 0
1152 1330 6
933 1258 7
13 1320 0
199 1331 8
188 1279 2
1166 1279 2
1231 1279 2
1235 1280 4
302 1255 6
143 1354 6
121 1330 6
1153 1270 6
1013 1280 4
489 1279 2
603 1242 1
684 1264 4
350 1331 8
895 1320 0
716 1329 1
792 1255 6
902 1330 6
230 1279 2
930 1255 6
785 1299 7
1115 1337 3
233 1331 8
252 1279 2
1032 1330 6
321 1333 6
910 1320 0
121 1279 2
790 1342 7
390 1279 2
121 1331 8
91 1299 7
268 1331 8
1118 1337 3
622 1314 6
857 1280 4
989 1341 7
574 1322 7
638 1320 0
1167 1255 6
264 1339 1
1095 1309 2
293 1309 2
191 1305 5
914 1331 8
347 1308 1
1162 1280 4
898 1309 2
400 1255 6
961 1298 7
392 1341 7
502 1315 6
79 1273 1
1068 1316 3
58 1299 7
430 1242 1
241 1292 5
355 1342 7
561 1347 7
1227 1248 1
679 1273 1
1098 1273 1
216 1329 1
578 1288 5
563 1310 7
69 1309 2
881 1264 4
446 1320 0
745 1331 8
153 1342 7
781 1266 6
955 1261 6
382 1280 4
452 1292 5
928 1320 0
887 1331 8
460 1313 7
231 1255 6
696 1332 6
795 1322 7
1200 1264 4
942 1329 1
1051 1295 5
37 1255 6
832 1309 2
508 1337 3
971 1342 7
1162 1299 7
1169 1357 0
1038 1316 3
940 1357 0
1107 1320 0
675 1299 7
375 1280 4
675 1278 5
348 1262 7
1069 1357 0
243 1255 6
878 1255 6
195 1320 0
613 1337 3
849 1279 2
577 1299 7
382 1263 6
505 1279 2
92 1310 7
673 1320 0
108 1337 3
78 1273 1
498 1280 4
1096 1276 6
1065 1293 5
382 1354 6
358 1298 7
499 1289 5
1017 1330 6
1109 1261 6
1064 1331 8
459 1289 5
1224 1255 6
140 1292 5
356 1316 3
656 1330 6
909 1320 0
471 1255 6
286 1261 6
564 1316 3
26 1262 7
690 1273 1
723 1333 6
459 1279 2
610 1255 6
616 1264 4
668 1295 5
407 1260 7
844 1255 6
72 1255 6
824 1279 2
728 1326 5
875 1331 8
196 1280 4
347 1261 6
1041 1255 6
1228 1262 7
646 1330 6
548 1313 7
988 1271 6
1001 1242 1
764 1333 6
930 1354 6
711 1342 7
966 1331 8
77 1242 1
776 1333 6
35 1242 1
623 1357 0
129 1255 6
324 1273 1
586 1297 5
441 1347 7
919 1242 1
1022 1337 3
482 1331 8
795 1261 6
544 1280 4
1151 1283 6
537 1309 2
901 1266 6
701 1339 1
821 1339 1
800 1295 5
1153 1322 7
1015 1331 8
426 1322 7
986 1322 7
1212 1280 4
79 1279 2
208 1342 7
535 1309 2
680 1299 7
341 1290 5
524 1324 6
1102 1338 1
950 1331 8
160 1339 1
219 1331 8
90 1355 6
600 1292 5
138 1273 1
710 1320 0
37 1288 5
27 1273 1
794 1255 6
783 1331 8
395 1310 7
1024 1330 6
373 1355 6
1102 1357 0
239 1341 7
242 1292 5
1148 1295 5
1048 1356 7
1138 1280 4
336 1320 0
572 1320 0
534 1347 7
439 1316 3
102 1264 4
263 1293 5
753 1320 0
219 1333 6
495 1255 6
239 1279 2
545 1330 6
1134 1282 6
1044 1353 6
1153 1255 6
1174 1337 3
689 1341 7
872 1331 8
379 1310 7
769 1262 7
204 1255 6
497 1299 7
105 1331 8
936 1292 5
479 1262 7
704 1337 3
343 1261 6
1195 1342 7
253 1331 8
998 1347 7
53 1299 7
560 1329 1
1157 1271 6
1093 1337 3
1180 1264 4
935 1297 5
464 1279 2
322 1274 1
759 1279 2
987 1279 2
198 1331 8
135 1316 3
510 1332 6
226 1331 8
402 1331 8
254 1330 6
1144 1255 6
204 1331 8
1113 1341 7
1045 1299 7
1139 1331 8
363 1255 6
133 1309 2
90 1357 0
1080 1260 7
1239 1357 0
952 1356 7
102 1330 6
677 1320 0
300 1279 2
242 1264 4
1130 1330 6
703 1354 6
1024 1353 6
142 1320 0
731 1299 7
395 1320 0
552 1273 1
1028 1331 8
637 1337 3
768 1293 5
208 1331 8
1179 1279 2
48 1260 7
800 1320 0
1080 1293 5
351 1279 2
460 1330 6
239 1337 3
519 1331 8
387 1264 4
743 1320 0
1038 1347 7
937 1320 0
372 1297 5
65 1299 7
1057 1273 1
610 1298 7
978 1261 6
1208 1331 8
948 1276 6
166 1320 0
1163 1337 3
749 1331 8
893 1331 8
1092 1347 7
66 1331 8
987 1264 4
236 1255 6
1078 1297 5
361 1331 8
393 1242 1
254 1347 7
539 1309 2
38 1260 7
1096 1299 7
818 1273 1
203 1333 6
91 1309 2
1160 1258 7
508 1264 4
971 1331 8
927 1316 3
611 1356 7
946 1314 6
1185 1317 4
705 1267 6
738 1313 7
415 1295 5
109 1295 5
1211 1320 0
69 1316 3
314 1331 8
993 1292 5
840 1342 7
286 1244 6
335 1320 0
567 1317 4
1138 1330 6
285 1293 5
728 1283 6
5 1354 6
274 1293 5
616 1331 8
63 1349 6
1001 1273 1
469 1280 4
870 1280 4
543 1260 7
563 1345 7
429 1264 4
260 1296 5
227 1295 5
538 1341 7
841 1310 7
350 1337 3
1095 1331 8
15 1255 6
1029 1291 5
826 1348 6
910 1280 4
473 1279 2
487 1331 8
658 1255 6
1174 1259 7
477 1337 3
943 1242 1
837 1310 7
1168 1342 7
392 1320 0
1222 1309 2
998 1323 7
489 1280 4
634 1292 5
386 1255 6
653 1264 4
266 1331 8
153 1331 8
1168 1344 7
1188 1299 7
100 1331 8
1126 1337 3
990 1344 7
1080 1255 6
963 1280 4
1138 1333 6
923 1342 7
959 1299 7
684 1309 2
94 1279 2
963 1299 7
882 1255 6
1006 1298 7
637 1314 6
565 1331 8
277 1273 1
488 1273 1
1239 1295 5
193 1356 7
1108 1322 7
1027 1333 6
1024 1271 6
912 1320 0
91 1255 6
287 1264 4
775 1331 8
1062 1355 6
340 1320 0
550 1332 6
650 1298 7
751 1280 4
359 1245 6
502 1333 6
344 1276 6
1201 1264 4
985 1313 7
32 1291 5
1120 1309 2
618 1280 4
378 1261 6
211 1339 1
912 1329 1
850 1242 1
497 1337 3
645 1317 4
1164 1356 7
202 1331 8
299 1270 6
868 1345 7
606 1289 5
361 1289 5
1159 1320 0
865 1274 1
84 1331 8
427 1261 6
344 1245 6
1027 1337 3
134 1337 3
114 1295 5
678 1245 6
507 1255 6
841 1339 1
94 1357 0
362 1320 0
703 1273 1
704 1255 6
1234 1316 3
321 1261 6
465 1347 7
788 1242 1
666 1329 1
1203 1331 8
435 1330 6
1179 1280 4
865 1245 6
890 1320 0
187 1255 6
304 1310 7
1210 1320 0
1185 1333 6
593 1337 3
437 1320 0
773 1331 8
883 1279 2
991 1320 0
866 1255 6
1129 1331 8
635 1347 7
886 1293 5
995 1253 6
753 1280 4
675 1331 8
828 1357 0
208 1354 6
477 1320 0
1221 1331 8
1224 1331 8
270 1309 2
4 1264 4
722 1331 8
735 1264 4
1222 1320 0
173 1280 4
794 1259 7
430 1347 7
28 1309 2
1190 1293 5
517 1279 2
702 1331 8
463 1295 5
666 1332 6
845 1354 6
750 1337 3
236 1333 6
246 1330 6
563 1295 5
333 1322 7
232 1242 1
312 1262 7
1107 1264 4
962 1355 6
1148 1255 6
207 1273 1
980 1342 7
1105 1297 5
1185 1260 7
912 1317 4
339 1255 6
551 1299 7
1040 1297 5
1231 1331 8
826 1280 4
359 1337 3
747 1255 6
701 1337 3
491 1320 0
979 1292 5
146 1299 7
411 1264 4
1154 1292 5
342 1296 5
281 1357 0
1225 1297 5
1173 1320 0
1180 1337 3
687 1320 0
318 1337 3
919 1332 6
361 1347 7
1240 1242 1
666 1333 6
996 1279 2
950 1309 2
859 1328 1
1224 1337 3
774 1255 6
139 1355 6
548 1316 3
460 1264 4
786 1339 1
557 1290 5
1224 1299 7
795 1357 0
909 1299 7
40 1248 1
463 1280 4
7 1320 0
1084 1354 6
26 1273 1
408 1329 1
1201 1343 3
232 1339 1
462 1279 2
44 1296 5
997 1242 1
311 1255 6
897 1299 7
623 1315 6
786 1248 1
423 1333 6
759 1299 7
292 1260 7
961 1273 1
1138 1279 2
1186 1333 6
529 1280 4
1068 1255 6
9 1242 1
319 1270 6
606 1264 4
847 1279 2
1075 1331 8
514 1261 6
1020 1330 6
451 1342 7
494 1279 2
571 1279 2
91 1317 4
704 1298 7
240 1279 2
165 1337 3
1165 1342 7
1177 1296 5
43 1347 7
751 1330 6
771 1316 3
1018 1266 6
365 1331 8
676 1279 2
797 1347 7
1170 1291 5
1144 1331 8
1209 1264 4
784 1347 7
63 1271 6
689 1242 1
961 1331 8
477 1274 1
262 1331 8
207 1328 1
169 1329 1
653 1320 0
144 1288 5
501 1316 3
436 1337 3
295 1357 0
1241 1279 2
1238 1296 5
659 1279 2
960 1356 7
950 1320 0
230 1320 0
247 1357 0
268 1289 5
116 1280 4
130 1341 7
108 1255 6
1164 1295 5
836 1279 2
440 1273 1
19 1331 8
96 1280 4
147 1320 0
204 1264 4
235 1315 6
79 1331 8
469 1313 7
133 1347 7
894 1357 0
963 1331 8
431 1264 4
1141 1288 5
1066 1279 2
519 1280 4
317 1347 7
590 1264 4
672 1280 4
343 1322 7
921 1288 5
360 1357 0
52 1328 1
541 1320 0
920 1330 6
1075 1341 7
476 1320 0
636 1280 4
815 1282 6
516 1331 8
1100 1314 6
414 1357 0
301 1333 6
602 1279 2
777 1316 3
293 1242 1
1034 1297 5
283 1316 3
614 1347 7
450 1289 5
961 1344 7
256 1337 3
270 1276 6
628 1320 0
112 1324 6
1131 1309 2
791 1322 7
760 1261 6
402 1264 4
512 1273 1
410 1322 7
81 1310 7
1041 1295 5
85 1255 6
985 1255 6
44 1331 8
382 1310 7
688 1339 1
1110 1279 2
90 1331 8
1053 1309 2
433 1332 6
760 1309 2
112 1310 7
1039 1331 8
76 1337 3
474 1313 7
725 1316 3
617 1320 0
166 1338 1
355 1337 3
1221 1248 1
699 1354 6
608 1279 2
315 1322 7
782 1331 8
500 1333 6
603 1264 4
460 1347 7
125 1272 6
415 1309 2
368 1295 5
1226 1264 4
873 1273 1
1189 1337 3
667 1345 7
740 1242 1
180 1316 3
308 1279 2
193 1317 4
123 1279 2
50 1309 2
1182 1333 6
384 1341 7
1118 1342 7
212 1331 8
783 1279 2
318 1295 5
689 1255 6
158 1337 3
810 1357 0
54 1345 7
423 1320 0
1035 1331 8
920 1295 5
683 1342 7
150 1344 7
282 1331 8
42 1342 7
1156 1309 2
826 1292 5
316 1271 6
670 1279 2
416 1260 7
68 1279 2
1088 1337 3
1020 1299 7
430 1357 0
968 1342 7
719 1279 2
1169 1331 8
267 1292 5
381 1280 4
676 1246 6
602 1295 5
393 1279 2
1055 1290 5
304 1261 6
620 1320 0
678 1274 1
624 1337 3
201 1331 8
695 1279 2
211 1337 3
230 1331 8
603 1320 0
705 1357 0
986 1343 3
1104 1337 3
427 1345 7
436 1292 5
494 1310 7
648 1316 3
75 1337 3
261 1292 5
842 1354 6
471 1273 1
22 1264 4
217 1279 2
642 1355 6
851 1279 2
836 1356 7
762 1315 6
1074 1342 7
219 1280 4
63 1317 4
1052 1355 6
204 1320 0
814 1347 7
1235 1255 6
707 1331 8
278 1292 5
670 1295 5
919 1329 1
1203 1255 6
421 1320 0
934 1274 1
236 1262 7
1153 1280 4
677 1339 1
1136 1245 6
402 1356 7
1087 1255 6
179 1330 6
290 1309 2
502 1279 2
706 1280 4
717 1320 0
225 1331 8
1186 1299 7
1057 1242 1
279 1329 1
25 1331 8
86 1331 8
905 1255 6
234 1331 8
647 1347 7
996 1261 6
960 1299 7
366 1263 6
750 1309 2
738 1264 4
302 1273 1
93 1295 5
130 1273 1
867 1273 1
978 1273 1
1127 1298 7
345 1331 8
541 1274 1
759 1338 1
62 1255 6
983 1337 3
193 1309 2
1230 1279 2
821 1342 7
1140 1331 8
1227 1273 1
1145 1339 1
302 1280 4
125 1337 3
1142 1242 1
245 1317 4
374 1355 6
283 1312 7
628 1340 7
317 1357 0
1107 1295 5
1122 1354 6
110 1329 1
1217 1322 7
153 1316 3
163 1320 0
942 1274 1
988 1353 6
614 1280 4
65 1280 4
264 1260 7
575 1331 8
741 1289 5
902 1255 6
32 1262 7
84 1342 7
178 1279 2
390 1339 1
174 1355 6
720 1357 0
891 1242 1
740 1280 4
381 1299 7
737 1331 8
1111 1255 6
956 1331 8
215 1261 6
921 1273 1
142 1255 6
145 1331 8
259 1276 6
587 1264 4
762 1262 7
1019 1295 5
949 1279 2
584 1288 5
555 1309 2
307 1255 6
1028 1273 1
430 1288 5
226 1296 5
629 1280 4
958 1337 3
864 1341 7
605 1345 7
41 1330 6
1095 1356 7
183 1261 6
78 1300 6
668 1314 6
787 1331 8
431 1289 5
1214 1322 7
1110 1242 1
472 1299 7
530 1331 8
52 1333 6
705 1261 6
470 1262 7
748 1331 8
1017 1322 7
939 1331 8
231 1345 7
265 1295 5
704 1354 6
339 1341 7
1207 1261 6
1234 1293 5
226 1333 6
36 1331 8
416 1331 8
844 1337 3
930 1320 0
251 1332 6
1104 1255 6
266 1338 1
518 1320 0
586 1357 0
785 1330 6
62 1280 4
1043 1316 3
484 1320 0
1149 1280 4
651 1255 6
708 1289 5
218 1270 6
612 1279 2
1094 1261 6
102 1320 0
187 1354 6
707 1347 7
283 1279 2
92 1273 1
428 1280 4
1012 1279 2
1081 1320 0
582 1264 4
736 1296 5
1230 1320 0
570 1320 0
906 1289 5
740 1279 2
75 1342 7
1101 1273 1
682 1331 8
274 1320 0
718 1342 7
655 1317 4
339 1342 7
229 1331 8
616 1242 1
316 1299 7
489 1331 8
890 1242 1
557 1331 8
16 1299 7
376 1347 7
41 1357 0
772 1255 6
1030 1355 6
509 1322 7
823 1331 8
978 1322 7
1199 1337 3
791 1331 8
868 1261 6
1157 1279 2
1134 1333 6
935 1337 3
26 1299 7
310 1264 4
997 1276 6
808 1320 0
302 1337 3
279 1273 1
617 1331 8
1106 1280 4
825 1299 7
99 1343 3
282 1312 7
947 1331 8
279 1331 8
983 1298 7
1091 1332 6
1056 1331 8
182 1282 6
1039 1313 7
623 1273 1
241 1333 6
228 1354 6
849 1355 6
186 1261 6
1005 1331 8
1122 1322 7
520 1331 8
634 1280 4
427 1357 0
900 1264 4
453 1288 5
1223 1293 5
945 1339 1
567 1288 5
663 1339 1
585 1292 5
382 1292 5
16 1280 4
1064 1292 5
95 1331 8
80 1280 4
677 1279 2
315 1331 8
1002 1331 8
436 1354 6
466 1280 4
1094 1262 7
1084 1279 2
1016 1299 7
85 1342 7
33 1261 6
359 1296 5
1058 1357 0
901 1271 6
1049 1328 1
190 1330 6
1049 1242 1
205 1255 6
249 1356 7
75 1279 2
1054 1280 4
302 1295 5
1219 1316 3
161 1331 8
441 1309 2
859 1273 1
393 1276 6
185 1279 2
152 1342 7
635 1320 0
853 1280 4
642 1345 7
20 1279 2
910 1292 5
803 1347 7
368 1242 1
599 1320 0
1006 1342 7
713 1255 6
593 1331 8
886 1355 6
591 1331 8
63 1260 7
552 1320 0
29 1310 7
1205 1273 1
107 1354 6
1151 1279 2
770 1309 2
502 1242 1
584 1347 7
1034 1339 1
172 1337 3
656 1339 1
1222 1339 1
273 1320 0
986 1331 8
868 1330 6
1030 1353 6
914 1343 3
119 1270 6
1021 1295 5
947 1333 6
579 1331 8
762 1330 6
542 1292 5
947 1274 1
183 1333 6
450 1255 6
1186 1357 0
160 1320 0
757 1331 8
1016 1347 7
265 1280 4
206 1342 7
550 1279 2
1003 1342 7
1162 1310 7
484 1260 7
998 1314 6
159 1298 7
310 1295 5
849 1356 7
843 1357 0
300 1298 7
841 1279 2
415 1347 7
1009 1331 8
910 1331 8
561 1279 2
375 1342 7
268 1342 7
61 1357 0
422 1261 6
1021 1243 1
517 1320 0
838 1333 6
477 1341 7
1194 1316 3
967 1331 8
904 1295 5
180 1274 1
322 1299 7
251 1356 7
893 1299 7
884 1262 7
32 1260 7
803 1315 6
674 1298 7
704 1279 2
566 1280 4
942 1255 6
1204 1322 7
434 1337 3
320 1344 7
601 1333 6
673 1331 8
1115 1255 6
932 1313 7
818 1356 7
1153 1310 7
57 1242 1
2 1337 3
1043 1280 4
695 1331 8
603 1331 8
109 1355 6
312 1331 8
342 1264 4
1113 1331 8
938 1295 5
814 1343 3
594 1320 0
1221 1292 5
8 1279 2
1106 1279 2
372 1356 7
299 1262 7
402 1255 6
983 1279 2
1203 1242 1
695 1354 6
442 1280 4
544 1342 7
1111 1337 3
251 1357 0
797 1279 2
405 1280 4
1183 1347 7
494 1262 7
1106 1354 6
983 1331 8
435 1279 2
40 1354 6
79 1242 1
972 1255 6
872 1342 7
579 1322 7
229 1279 2
103 1330 6
506 1316 3
5 1357 0
149 1320 0
155 1331 8
1155 1357 0
1143 1337 3
1110 1273 1
647 1298 7
1229 1355 6
321 1342 7
112 1337 3
744 1332 6
691 1332 6
1178 1309 2
251 1341 7
733 1357 0
519 1260 7
1100 1261 6
655 1292 5
1041 1333 6
969 1280 4
1133 1292 5
534 1331 8
655 1261 6
895 1299 7
613 1255 6
500 1295 5
231 1320 0
455 1356 7
364 1280 4
89 1264 4
220 1320 0
1130 1260 7
1190 1331 8
893 1280 4
663 1357 0
789 1264 4
267 1322 7
899 1264 4
905 1337 3
807 1331 8
772 1342 7
678 1328 1
693 1316 3
194 1324 6
725 1292 5
469 1320 0
1018 1320 0
878 1279 2
1044 1295 5
976 1333 6
60 1279 2
642 1342 7
163 1280 4
863 1261 6
1086 1273 1
316 1294 5
472 1261 6
1238 1329 1
636 1331 8
331 1279 2
1167 1260 7
502 1328 1
366 1337 3
264 1276 6
347 1356 7
28 1322 7
350 1279 2
736 1331 8
729 1261 6
1217 1280 4
750 1331 8
41 1298 7
145 1320 0
918 1331 8
105 1357 0
748 1264 4
300 1332 6
387 1313 7
526 1298 7
378 1260 7
697 1299 7
1187 1320 0
372 1273 1
252 1305 5
536 1317 4
685 1270 6
119 1354 6
819 1279 2
256 1342 7
383 1337 3
755 1326 5
691 1248 1
531 1316 3
1066 1320 0
837 1276 6
1047 1299 7
1096 1313 7
417 1273 1
11 1280 4
1111 1355 6
964 1258 7
1151 1343 3
825 1333 6
1209 1242 1
1086 1309 2
1224 1320 0
841 1338 1
1185 1282 6
148 1339 1
618 1291 5
553 1309 2
351 1320 0
867 1337 3
146 1354 6
649 1280 4
125 1331 8
1059 1279 2
154 1355 6
1053 1242 1
210 1329 1
471 1331 8
827 1261 6
1104 1342 7
889 1299 7
228 1357 0
1128 1279 2
222 1315 6
480 1331 8
345 1347 7
689 1337 3
543 1331 8
767 1273 1
795 1299 7
1101 1280 4
1182 1295 5
1122 1331 8
989 1333 6
521 1316 3
386 1261 6
471 1279 2
1212 1279 2
179 1320 0
988 1279 2
1042 1280 4
477 1342 7
293 1299 7
337 1320 0
189 1345 7
964 1356 7
721 1291 5
84 1355 6
959 1279 2
822 1279 2
226 1279 2
858 1289 5
708 1280 4
928 1264 4
128 1279 2
859 1262 7
824 1255 6
940 1298 7
285 1262 7
103 1354 6
1153 1260 7
225 1270 6
54 1309 2
500 1330 6
745 1242 1
109 1337 3
1018 1356 7
668 1264 4
350 1297 5
854 1326 5
1 1242 1
53 1320 0
516 1279 2
269 1331 8
769 1342 7
674 1255 6
1172 1248 1
926 1260 7
77 1327 1
56 1342 7
258 1337 3
75 1270 6
73 1347 7
853 1255 6
691 1279 2
1004 1337 3
389 1320 0
9 1261 6
824 1264 4
379 1324 6
400 1270 6
367 1357 0
1058 1328 1
575 1339 1
676 1329 1
1144 1329 1
490 1309 2
852 1259 7
695 1260 7
1128 1357 0
740 1248 1
267 1335 6
847 1331 8
776 1242 1
224 1273 1
583 1357 0
143 1264 4
87 1328 1
259 1354 6
1096 1322 7
249 1292 5
94 1263 6
959 1311 6
975 1299 7
511 1295 5
221 1347 7
999 1339 1
1014 1255 6
772 1283 6
116 1313 7
172 1295 5
279 1242 1
1109 1242 1
732 1299 7
157 1322 7
541 1331 8
467 1347 7
1240 1270 6
856 1251 6
809 1273 1
710 1255 6
494 1341 7
576 1320 0
219 1299 7
1031 1295 5
754 1331 8
991 1264 4
929 1331 8
1212 1340 7
397 1329 1
943 1316 3
761 1337 3
595 1347 7
323 1298 7
882 1279 2
779 1342 7
882 1320 0
637 1295 5
1007 1331 8
504 1280 4
300 1273 1
413 1280 4
678 1337 3
842 1299 7
522 1337 3
99 1266 6
846 1355 6
599 1331 8
693 1331 8
1074 1273 1
803 1255 6
923 1309 2
841 1280 4
1177 1339 1
295 1331 8
165 1342 7
1120 1320 0
744 1279 2
195 1280 4
88 1309 2
908 1320 0
1130 1280 4
1158 1356 7
960 1293 5
722 1342 7
326 1331 8
764 1282 6
552 1264 4
1031 1279 2
147 1298 7
1202 1273 1
470 1291 5
655 1354 6
121 1320 0
256 1270 6
610 1242 1
860 1282 6
348 1270 6
604 1288 5
352 1271 6
146 1280 4
228 1279 2
622 1356 7
621 1337 3
724 1329 1
732 1283 6
523 1255 6
1045 1280 4
1198 1291 5
1109 1339 1
1220 1337 3
324 1243 1
225 1279 2
102 1331 8
888 1320 0
1053 1330 6
886 1342 7
655 1258 7
560 1264 4
206 1325 6
643 1295 5
209 1320 0
1096 1337 3
818 1306 6
526 1331 8
511 1331 8
749 1255 6
1213 1255 6
141 1255 6
385 1357 0
532 1333 6
98 1260 7
77 1339 1
1113 1355 6
766 1337 3
578 1316 3
662 1316 3
265 1331 8
1015 1262 7
992 1357 0
686 1329 1
1153 1331 8
775 1279 2
893 1255 6
688 1342 7
35 1273 1
52 1299 7
963 1356 7
505 1337 3
1213 1280 4
1187 1330 6
9 1320 0
487 1347 7
942 1294 5
591 1279 2
130 1357 0
824 1331 8
552 1339 1
41 1331 8
285 1337 3
581 1299 7
709 1341 7
1215 1330 6
100 1295 5
213 1271 6
145 1253 6
1064 1280 4
709 1280 4
119 1337 3
1181 1355 6
1071 1331 8
672 1328 1
982 1353 6
1035 1343 3
994 1299 7
557 1320 0
692 1342 7
503 1263 6
285 1264 4
759 1331 8
1020 1255 6
23 1354 6
132 1331 8
1136 1298 7
399 1331 8
172 1255 6
425 1282 6
798 1315 6
1205 1339 1
722 1320 0
1001 1345 7
968 1333 6
554 1357 0
975 1341 7
280 1355 6
386 1310 7
942 1354 6
277 1242 1
271 1330 6
991 1347 7
235 1330 6
0 1333 6
386 1337 3
1082 1280 4
720 1331 8
807 1337 3
65 1337 3
922 1297 5
925 1322 7
773 1255 6
413 1347 7
1013 1279 2
75 1339 1
647 1330 6
957 1276 6
187 1262 7
786 1320 0
1239 1264 4
353 1273 1
51 1357 0
1197 1337 3
296 1316 3
108 1339 1
117 1316 3
886 1331 8
106 1273 1
346 1310 7
583 1299 7
1229 1356 7
512 1315 6
716 1255 6
338 1347 7
890 1293 5
910 1299 7
1128 1331 8
583 1314 6
224 1282 6
183 1342 7
656 1331 8
1088 1295 5
845 1296 5
306 1320 0
900 1260 7
67 1344 7
269 1337 3
1055 1357 0
215 1320 0
924 1264 4
993 1354 6
182 1242 1
818 1276 6
369 1264 4
20 1298 7
33 1333 6
355 1273 1
458 1279 2
225 1255 6
693 1273 1
749 1355 6
1203 1333 6
1072 1274 1
278 1331 8
1144 1354 6
264 1333 6
98 1331 8
761 1255 6
1072 1260 7
64 1273 1
1061 1248 1
153 1262 7
1226 1331 8
1116 1331 8
964 1331 8
115 1255 6
1051 1264 4
282 1330 6
103 1261 6
175 1320 0
348 1299 7
209 1337 3
914 1290 5
1190 1264 4
803 1354 6
844 1247 6
1154 1320 0
1238 1264 4
760 1292 5
261 1338 1
185 1331 8
685 1354 6
706 1331 8
341 1357 0
710 1280 4
29 1339 1
1021 1329 1
219 1342 7
859 1333 6
674 1325 6
622 1298 7
675 1279 2
491 1347 7
1098 1279 2
934 1293 5
797 1320 0
951 1279 2
615 1331 8
453 1264 4
400 1310 7
1220 1342 7
262 1280 4
1100 1320 0
800 1310 7
194 1276 6
742 1339 1
1074 1309 2
236 1293 5
1212 1337 3
235 1357 0
630 1328 1
343 1357 0
329 1313 7
1115 1291 5
367 1279 2
387 1273 1
276 1337 3
875 1255 6
1131 1273 1
486 1330 6
273 1342 7
632 1320 0
170 1331 8
282 1337 3
166 1264 4
1146 1320 0
734 1280 4
312 1264 4
657 1322 7
1148 1356 7
1024 1331 8
650 1299 7
344 1274 1
1106 1255 6
111 1279 2
798 1298 7
198 1309 2
392 1280 4
381 1279 2
704 1299 7
8 1331 8
1234 1330 6
1026 1279 2
886 1309 2
733 1273 1
77 1342 7
497 1279 2
1021 1299 7
837 1337 3
977 1342 7
1162 1255 6
685 1299 7
1017 1242 1
650 1331 8
825 1315 6
278 1313 7
280 1309 2
285 1342 7
1176 1313 7
195 1273 1
716 1242 1
480 1325 6
119 1300 6
722 1292 5
1135 1331 8
589 1255 6
871 1354 6
1168 1273 1
102 1299 7
57 1339 1
1101 1242 1
548 1331 8
1115 1331 8
1127 1247 6
211 1270 6
648 1290 5
1108 1291 5
1223 1282 6
316 1331 8
1063 1279 2
46 1333 6
764 1331 8
397 1248 1
843 1295 5
476 1270 6
933 1331 8
1081 1279 2
101 1264 4
507 1357 0
826 1356 7
1164 1331 8
745 1255 6
1141 1331 8
221 1299 7
781 1271 6
86 1333 6
714 1325 6
1171 1276 6
1155 1331 8
276 1242 1
273 1354 6
277 1279 2
301 1320 0
268 1337 3
113 1331 8
933 1357 0
127 1242 1
57 1273 1
651 1320 0
395 1273 1
1114 1320 0
906 1259 7
162 1320 0
943 1313 7
797 1288 5
205 1331 8
995 1330 6
1102 1331 8
927 1279 2
1160 1292 5
434 1357 0
1090 1309 2
1013 1262 7
210 1255 6
809 1316 3
34 1297 5
747 1337 3
1096 1323 7
15 1280 4
337 1289 5
183 1279 2
400 1279 2
259 1245 6
34 1331 8
386 1331 8
1041 1309 2
66 1299 7
678 1330 6
1134 1355 6
72 1356 7
1207 1320 0
666 1309 2
1147 1296 5
1109 1333 6
1201 1279 2
947 1261 6
58 1348 6
538 1297 5
331 1342 7
113 1310 7
152 1355 6
677 1337 3
164 1280 4
765 1273 1
961 1313 7
0 1261 6
47 1264 4
256 1320 0
481 1357 0
486 1316 3
546 1347 7
1086 1347 7
1006 1331 8
635 1260 7
666 1264 4
210 1309 2
1111 1292 5
1222 1273 1
211 1333 6
12 1293 5
841 1354 6
988 1255 6
791 1279 2
1016 1342 7
849 1280 4
458 1320 0
1099 1320 0
1127 1273 1
812 1279 2
1185 1310 7
38 1355 6
1186 1279 2
122 1264 4
86 1328 1
316 1357 0
1238 1279 2
840 1309 2
583 1347 7
72 1331 8
850 1255 6
205 1279 2
130 1261 6
551 1280 4
729 1355 6
296 1260 7
62 1330 6
130 1264 4
83 1356 7
1056 1262 7
769 1280 4
285 1315 6
527 1273 1
240 1255 6
805 1295 5
237 1299 7
1105 1320 0
870 1339 1
792 1342 7
622 1341 7
929 1289 5
293 1333 6
962 1356 7
275 1279 2
25 1330 6
1002 1344 7
318 1298 7
917 1292 5
207 1242 1
379 1255 6
1137 1255 6
143 1315 6
823 1354 6
905 1332 6
934 1332 6
852 1264 4
660 1339 1
404 1315 6
748 1341 7
31 1309 2
726 1261 6
264 1279 2
417 1279 2
1062 1266 6
608 1280 4
280 1299 7
937 1295 5
1168 1320 0
407 1261 6
142 1313 7
761 1279 2
902 1291 5
1167 1354 6
701 1279 2
44 1320 0
83 1353 6
281 1331 8
22 1313 7
426 1291 5
404 1328 1
55 1295 5
304 1292 5
124 1331 8
409 1320 0
633 1279 2
822 1339 1
361 1357 0
898 1331 8
148 1273 1
1234 1357 0
627 1297 5
1172 1328 1
213 1266 6
1215 1292 5
508 1295 5
784 1357 0
36 1347 7
1227 1331 8
223 1337 3
689 1293 5
598 1292 5
361 1322 7
406 1357 0
408 1333 6
496 1320 0
44 1299 7
35 1298 7
698 1331 8
310 1355 6
1020 1342 7
623 1280 4
670 1320 0
745 1299 7
376 1331 8
84 1344 7
360 1292 5
682 1320 0
393 1356 7
285 1298 7
956 1320 0
680 1309 2
1187 1309 2
643 1274 1
85 1320 0
1017 1299 7
532 1320 0
394 1280 4
192 1266 6
184 1320 0
1098 1320 0
1125 1280 4
397 1347 7
613 1283 6
1121 1347 7
534 1260 7
280 1320 0
901 1305 5
676 1310 7
157 1320 0
653 1355 6
20 1329 1
1167 1280 4
1083 1299 7
681 1320 0
448 1255 6
245 1333 6
409 1337 3
251 1279 2
1215 1273 1
405 1279 2
193 1273 1
566 1288 5
221 1331 8
469 1316 3
811 1280 4
821 1331 8
644 1356 7
697 1342 7
547 1322 7
715 1273 1
396 1309 2
236 1264 4
745 1261 6
246 1279 2
593 1328 1
1227 1274 1
202 1297 5
697 1242 1
1207 1331 8
166 1242 1
514 1347 7
65 1353 6
1015 1255 6
86 1264 4
509 1313 7
369 1354 6
548 1347 7
400 1295 5
818 1263 6
1126 1264 4
76 1273 1
486 1260 7
703 1331 8
1075 1329 1
230 1299 7
276 1317 4
1134 1345 7
135 1347 7
1053 1292 5
285 1273 1
932 1322 7
20 1332 6
40 1331 8
153 1354 6
662 1322 7
232 1337 3
987 1270 6
910 1270 6
779 1344 7
1125 1279 2
399 1356 7
815 1322 7
70 1279 2
35 1330 6
217 1347 7
173 1329 1
5 1323 7
947 1320 0
267 1320 0
1115 1280 4
352 1331 8
1044 1266 6
375 1292 5
975 1339 1
167 1279 2
1176 1357 0
40 1273 1
463 1345 7
509 1347 7
83 1271 6
373 1316 3
683 1309 2
829 1316 3
277 1337 3
1106 1272 6
119 1298 7
1121 1317 4
1182 1261 6
250 1273 1
345 1342 7
416 1255 6
684 1331 8
1098 1248 1
320 1307 6
940 1341 7
141 1354 6
87 1331 8
1028 1299 7
205 1337 3
1030 1320 0
749 1299 7
778 1347 7
99 1255 6
541 1268 6
461 1316 3
842 1297 5
244 1255 6
593 1262 7
990 1270 6
896 1320 0
1172 1331 8
116 1333 6
58 1357 0
67 1354 6
205 1328 1
180 1289 5
40 1242 1
153 1280 4
1117 1264 4
649 1292 5
1167 1316 3
780 1320 0
519 1298 7
1027 1317 4
1117 1273 1
974 1342 7
868 1242 1
785 1242 1
959 1345 7
538 1337 3
455 1309 2
235 1331 8
860 1279 2
77 1299 7
710 1331 8
616 1325 6
982 1355 6
952 1242 1
667 1357 0
634 1354 6
973 1320 0
802 1261 6
1172 1309 2
118 1295 5
88 1356 7
428 1357 0
718 1279 2
1064 1354 6
880 1333 6
1134 1356 7
318 1279 2
955 1347 7
190 1342 7
4 1331 8
155 1280 4
1082 1279 2
644 1331 8
1008 1282 6
404 1330 6
930 1331 8
1207 1270 6
140 1331 8
124 1320 0
943 1331 8
6 1310 7
922 1342 7
183 1331 8
874 1279 2
734 1354 6
1182 1280 4
573 1276 6
35 1328 1
1162 1339 1
714 1331 8
41 1290 5
1231 1264 4
33 1295 5
335 1264 4
300 1297 5
1130 1309 2
110 1299 7
750 1255 6
861 1293 5
927 1299 7
1044 1299 7
1114 1343 3
392 1315 6
852 1343 3
1056 1337 3
487 1320 0
5 1280 4
1020 1296 5
608 1331 8
1026 1320 0
349 1320 0
422 1331 8
382 1243 1
652 1280 4
355 1333 6
320 1261 6
207 1280 4
539 1288 5
714 1264 4
322 1355 6
1030 1299 7
348 1337 3
716 1332 6
102 1292 5
44 1328 1
862 1320 0
534 1261 6
861 1354 6
860 1337 3
329 1264 4
786 1354 6
881 1331 8
261 1273 1
338 1289 5
1007 1271 6
494 1330 6
1145 1320 0
750 1329 1
679 1331 8
254 1280 4
322 1328 1
897 1255 6
56 1320 0
1077 1309 2
20 1273 1
900 1313 7
1194 1280 4
245 1282 6
832 1330 6
575 1264 4
1210 1347 7
59 1299 7
946 1309 2
1187 1299 7
706 1329 1
1054 1255 6
222 1299 7
126 1295 5
318 1242 1
1131 1322 7
960 1337 3
225 1299 7
516 1320 0
732 1279 2
94 1337 3
436 1322 7
844 1320 0
817 1299 7
74 1357 0
324 1333 6
220 1339 1
221 1337 3
969 1255 6
1150 1261 6
802 1270 6
1015 1270 6
1182 1320 0
345 1242 1
169 1279 2
319 1357 0
216 1264 4
1203 1279 2
243 1355 6
212 1292 5
1071 1337 3
244 1279 2
1134 1276 6
414 1347 7
449 1288 5
904 1299 7
681 1273 1
67 1279 2
146 1282 6
1143 1280 4
799 1295 5
807 1330 6
990 1279 2
955 1280 4
1152 1341 7
729 1279 2
1075 1357 0
279 1332 6
1066 1261 6
1182 1315 6
726 1298 7
121 1280 4
1198 1279 2
722 1280 4
336 1289 5
955 1331 8
179 1255 6
947 1295 5
348 1255 6
677 1333 6
73 1260 7
795 1291 5
156 1320 0
241 1260 7
402 1273 1
330 1309 2
1026 1295 5
183 1337 3
555 1317 4
308 1295 5
311 1330 6
920 1299 7
230 1315 6
846 1309 2
479 1292 5
319 1261 6
261 1313 7
1150 1344 7
380 1347 7
587 1320 0
422 1342 7
527 1331 8
522 1331 8
578 1280 4
536 1320 0
593 1354 6
1151 1299 7
81 1345 7
141 1295 5
560 1298 7
24 1299 7
406 1313 7
110 1248 1
1181 1295 5
382 1357 0
970 1331 8
440 1279 2
253 1305 5
228 1316 3
469 1261 6
615 1330 6
866 1264 4
1027 1242 1
504 1316 3
532 1300 6
870 1255 6
240 1259 7
589 1313 7
853 1271 6
148 1243 1
1120 1262 7
443 1320 0
916 1291 5
245 1310 7
1078 1331 8
138 1299 7
1032 1354 6
193 1345 7
1088 1341 7
381 1255 6
309 1331 8
1149 1331 8
873 1320 0
304 1331 8
1217 1337 3
593 1272 6
806 1280 4
216 1331 8
226 1248 1
868 1293 5
226 1299 7
1212 1357 0
1118 1313 7
707 1255 6
322 1330 6
621 1270 6
1143 1339 1
1233 1309 2
432 1347 7
1049 1273 1
228 1260 7
581 1289 5
103 1332 6
472 1354 6
397 1279 2
818 1347 7
1151 1347 7
390 1320 0
156 1342 7
476 1331 8
1175 1259 7
9 1299 7
778 1320 0
1074 1331 8
367 1347 7
442 1331 8
775 1320 0
324 1337 3
891 1255 6
276 1331 8
741 1347 7
777 1357 0
536 1291 5
259 1260 7
22 1283 6
659 1299 7
659 1273 1
899 1331 8
1037 1273 1
1121 1290 5
851 1295 5
517 1347 7
674 1315 6
765 1255 6
128 1331 8
235 1261 6
808 1279 2
1145 1255 6
1049 1309 2
767 1331 8
747 1357 0
906 1338 1
859 1242 1
445 1255 6
149 1330 6
541 1309 2
1011 1255 6
346 1331 8
682 1279 2
264 1255 6
932 1280 4
817 1331 8
766 1279 2
507 1273 1
57 1331 8
1038 1315 6
136 1316 3
1119 1259 7
49 1264 4
1023 1356 7
1182 1270 6
1085 1279 2
798 1299 7
299 1345 7
830 1273 1
338 1331 8
77 1298 7
403 1337 3
330 1347 7
217 1287 5
594 1347 7
1057 1333 6
103 1292 5
500 1243 1
1106 1320 0
1234 1260 7
1051 1299 7
951 1273 1
419 1276 6
1107 1255 6
750 1333 6
1006 1299 7
835 1309 2
218 1307 6
984 1357 0
751 1279 2
198 1310 7
761 1280 4
423 1261 6
1083 1330 6
989 1295 5
150 1355 6
147 1331 8
673 1294 5
448 1331 8
801 1343 3
924 1273 1
122 1279 2
485 1279 2
386 1357 0
724 1320 0
629 1347 7
1134 1245 6
1083 1344 7
1225 1331 8
328 1331 8
1147 1309 2
586 1324 6
230 1333 6
735 1304 1
800 1242 1
303 1316 3
871 1344 7
425 1357 0
191 1356 7
652 1288 5
655 1356 7
290 1264 4
984 1331 8
144 1309 2
907 1279 2
896 1331 8
945 1279 2
870 1295 5
482 1273 1
881 1262 7
434 1313 7
1237 1320 0
1198 1280 4
37 1355 6
772 1337 3
1031 1331 8
903 1313 7
1109 1299 7
56 1353 6
507 1279 2
604 1322 7
81 1309 2
1015 1332 6
1178 1320 0
149 1280 4
524 1333 6
415 1320 0
758 1280 4
1215 1279 2
635 1309 2
485 1274 1
227 1299 7
870 1320 0
551 1273 1
647 1292 5
777 1279 2
1008 1274 1
697 1332 6
869 1242 1
855 1356 7
1195 1309 2
346 1356 7
502 1295 5
40 1280 4
1122 1279 2
761 1320 0
268 1320 0
1232 1264 4
593 1264 4
1117 1242 1
886 1320 0
520 1320 0
306 1331 8
819 1354 6
218 1299 7
397 1331 8
214 1264 4
355 1242 1
663 1288 5
611 1310 7
788 1337 3
1057 1309 2
978 1338 1
97 1242 1
866 1309 2
829 1298 7
451 1262 7
1066 1280 4
621 1263 6
945 1273 1
924 1242 1
676 1273 1
921 1357 0
44 1345 7
1223 1330 6
113 1309 2
436 1313 7
1049 1342 7
354 1310 7
192 1280 4
941 1298 7
778 1279 2
243 1264 4
288 1330 6
223 1331 8
353 1315 6
239 1354 6
543 1261 6
541 1333 6
420 1331 8
550 1261 6
459 1331 8
533 1289 5
818 1262 7
816 1355 6
482 1345 7
1040 1299 7
907 1297 5
138 1347 7
1129 1280 4
1010 1280 4
946 1242 1
201 1310 7
103 1262 7
1201 1333 6
765 1331 8
441 1317 4
339 1299 7
889 1320 0
825 1309 2
905 1320 0
420 1279 2
438 1337 3
703 1342 7
1147 1242 1
747 1242 1
923 1255 6
673 1255 6
981 1320 0
812 1316 3
685 1324 6
825 1242 1
861 1331 8
107 1320 0
889 1295 5
482 1279 2
646 1292 5
92 1252 6
110 1255 6
735 1244 6
384 1331 8
1230 1322 7
188 1331 8
939 1298 7
618 1357 0
201 1275 6
963 1279 2
934 1262 7
994 1337 3
10 1341 7
666 1299 7
1014 1316 3
987 1273 1
865 1337 3
742 1331 8
194 1331 8
1077 1273 1
68 1357 0
501 1331 8
600 1313 7
131 1331 8
311 1309 2
956 1264 4
703 1279 2
1068 1299 7
230 1298 7
172 1352 6
313 1262 7
674 1270 6
972 1334 6
1136 1320 0
965 1330 6
950 1317 4
991 1322 7
501 1347 7
417 1345 7
1209 1354 6
358 1299 7
849 1320 0
1079 1320 0
65 1295 5
1057 1328 1
644 1299 7
67 1342 7
287 1344 7
100 1242 1
87 1264 4
70 1320 0
237 1322 7
1157 1255 6
106 1297 5
894 1331 8
577 1329 1
1165 1242 1
1108 1298 7
24 1271 6
370 1270 6
602 1320 0
782 1292 5
903 1293 5
667 1355 6
311 1280 4
298 1345 7
828 1331 8
363 1328 1
129 1320 0
112 1283 6
181 1280 4
21 1279 2
604 1331 8
122 1320 0
1105 1280 4
448 1279 2
810 1309 2
887 1264 4
1002 1264 4
7 1279 2
288 1255 6
887 1341 7
870 1345 7
1105 1255 6
538 1331 8
505 1280 4
830 1316 3
895 1331 8
909 1279 2
352 1309 2
1045 1331 8
572 1309 2
646 1347 7
13 1337 3
1057 1331 8
919 1280 4
73 1280 4
223 1347 7
1119 1255 6
245 1274 1
289 1338 1
1228 1331 8
817 1356 7
919 1297 5
937 1264 4
138 1279 2
880 1298 7
1158 1337 3
287 1279 2
915 1288 5
354 1324 6
640 1357 0
136 1309 2
597 1331 8
1154 1322 7
569 1279 2
848 1331 8
15 1353 6
149 1260 7
183 1330 6
698 1298 7
927 1353 6
649 1279 2
229 1356 7
61 1329 1
68 1331 8
352 1299 7
820 1337 3
1225 1274 1
1090 1274 1
1131 1317 4
113 1317 4
526 1320 0
1051 1255 6
646 1331 8
28 1343 3
873 1280 4
1027 1356 7
135 1272 6
1177 1337 3
806 1261 6
549 1279 2
166 1309 2
142 1264 4
616 1333 6
1011 1316 3
96 1255 6
644 1283 6
958 1264 4
931 1274 1
1034 1280 4
1021 1330 6
1163 1331 8
985 1337 3
969 1279 2
435 1262 7
317 1317 4
1126 1309 2
867 1280 4
701 1296 5
1057 1332 6
957 1248 1
767 1347 7
656 1296 5
829 1279 2
122 1355 6
258 1280 4
679 1276 6
339 1331 8
204 1309 2
621 1299 7
766 1342 7
482 1280 4
392 1279 2
1241 1276 6
686 1320 0
766 1327 1
1047 1279 2
906 1337 3
1020 1331 8
1030 1337 3
60 1259 7
885 1331 8
285 1330 6
957 1309 2
265 1299 7
142 1330 6
173 1294 5
227 1320 0
1223 1342 7
294 1299 7
1225 1317 4
887 1357 0
1165 1296 5
1175 1355 6
382 1246 6
610 1292 5
1171 1264 4
397 1270 6
497 1331 8
687 1280 4
858 1298 7
1222 1298 7
215 1341 7
128 1320 0
966 1261 6
1014 1264 4
314 1342 7
1022 1279 2
241 1338 1
939 1333 6
621 1331 8
863 1357 0
314 1347 7
786 1273 1
995 1280 4
957 1264 4
597 1342 7
589 1322 7
194 1255 6
698 1255 6
687 1337 3
1122 1347 7
683 1331 8
30 1264 4
19 1296 5
248 1357 0
1233 1264 4
46 1320 0
709 1357 0
272 1339 1
413 1316 3
1161 1279 2
150 1299 7
1141 1260 7
992 1344 7
588 1279 2
274 1339 1
119 1357 0
1129 1260 7
1076 1316 3
63 1283 6
462 1331 8
22 1299 7
360 1260 7
518 1300 6
409 1333 6
433 1337 3
766 1292 5
185 1356 7
214 1295 5
506 1299 7
880 1247 6
999 1314 6
403 1261 6
741 1280 4
1240 1337 3
430 1273 1
818 1309 2
29 1341 7
1127 1248 1
562 1280 4
1037 1261 6
353 1279 2
91 1331 8
861 1264 4
521 1347 7
636 1320 0
1070 1280 4
479 1279 2
1141 1342 7
1241 1274 1
393 1357 0
719 1280 4
952 1292 5
212 1313 7
1072 1339 1
635 1322 7
667 1295 5
891 1333 6
364 1316 3
939 1357 0
192 1355 6
723 1247 6
1235 1295 5
615 1347 7
730 1333 6
16 1354 6
946 1328 1
187 1280 4
163 1329 1
140 1355 6
126 1331 8
972 1242 1
389 1330 6
65 1266 6
820 1245 6
20 1331 8
601 1264 4
50 1298 7
1201 1251 6
739 1293 5
1079 1279 2
708 1282 6
544 1261 6
564 1331 8
1207 1339 1
1172 1310 7
1135 1255 6
544 1337 3
1174 1279 2
544 1331 8
75 1330 6
318 1329 1
314 1273 1
929 1279 2
1038 1292 5
1147 1331 8
952 1279 2
690 1261 6
690 1279 2
266 1279 2
403 1280 4
588 1280 4
841 1261 6
563 1245 6
1033 1264 4
584 1310 7
472 1296 5
99 1279 2
523 1289 5
420 1295 5
639 1347 7
235 1303 1
579 1279 2
386 1295 5
1110 1339 1
497 1280 4
17 1320 0
690 1280 4
358 1337 3
112 1255 6
373 1309 2
92 1331 8
436 1342 7
724 1279 2
262 1242 1
1029 1320 0
470 1357 0
827 1320 0
558 1280 4
482 1295 5
279 1293 5
1099 1296 5
754 1320 0
984 1316 3
1107 1331 8
1136 1329 1
99 1356 7
945 1320 0
812 1331 8
99 1353 6
1039 1338 1
343 1270 6
261 1242 1
99 1292 5
645 1337 3
1135 1271 6
742 1283 6
35 1337 3
946 1261 6
846 1325 6
874 1337 3
374 1295 5
515 1331 8
1162 1324 6
911 1264 4
1195 1292 5
935 1331 8
1137 1293 5
688 1347 7
658 1279 2
1165 1329 1
699 1280 4
721 1354 6
157 1353 6
210 1333 6
412 1347 7
998 1354 6
942 1309 2
98 1264 4
222 1339 1
540 1292 5
422 1270 6
1198 1337 3
263 1280 4
831 1295 5
428 1289 5
224 1260 7
327 1276 6
317 1322 7
506 1293 5
160 1297 5
914 1354 6
866 1260 7
1004 1293 5
498 1337 3
1044 1337 3
534 1280 4
35 1299 7
972 1292 5
800 1299 7
911 1331 8
1116 1356 7
506 1320 0
311 1355 6
423 1309 2
711 1354 6
72 1357 0
721 1320 0
241 1337 3
219 1293 5
499 1357 0
242 1322 7
757 1320 0
487 1337 3
753 1339 1
515 1357 0
377 1328 1
1036 1299 7
742 1329 1
294 1295 5
1050 1316 3
422 1357 0
1137 1330 6
906 1264 4
133 1315 6
1011 1299 7
99 1271 6
607 1320 0
1046 1280 4
867 1292 5
282 1273 1
416 1254 6
1228 1279 2
1102 1322 7
962 1264 4
19 1255 6
1160 1279 2
283 1313 7
1142 1331 8
1156 1333 6
293 1347 7
327 1299 7
851 1271 6
433 1357 0
1039 1248 1
1091 1320 0
1097 1337 3
1025 1299 7
291 1295 5
182 1309 2
1099 1345 7
574 1292 5
1206 1255 6
826 1299 7
1228 1255 6
724 1299 7
595 1320 0
1137 1342 7
326 1320 0
52 1320 0
355 1280 4
293 1320 0
357 1342 7
155 1320 0
623 1295 5
671 1337 3
565 1357 0
468 1279 2
41 1339 1
723 1314 6
669 1279 2
245 1245 6
1072 1331 8
1082 1320 0
195 1344 7
351 1289 5
1093 1333 6
282 1322 7
813 1309 2
879 1310 7
1172 1320 0
122 1266 6
722 1279 2
850 1273 1
951 1330 6
990 1262 7
304 1320 0
1079 1288 5
915 1316 3
921 1331 8
644 1337 3
355 1330 6
951 1320 0
412 1264 4
591 1320 0
862 1316 3
1241 1280 4
978 1242 1
856 1247 6
32 1330 6
264 1357 0
305 1337 3
976 1255 6
177 1299 7
251 1331 8
696 1357 0
521 1289 5
213 1264 4
118 1320 0
709 1279 2
964 1342 7
745 1357 0
10 1331 8
422 1347 7
1240 1309 2
946 1341 7
528 1316 3
1056 1242 1
510 1356 7
339 1330 6
947 1298 7
382 1273 1
1205 1331 8
1002 1342 7
385 1331 8
615 1262 7
854 1279 2
1065 1280 4
933 1280 4
526 1337 3
790 1320 0
1161 1316 3
167 1242 1
536 1274 1
998 1316 3
1224 1242 1
203 1356 7
1068 1331 8
691 1297 5
995 1323 7
324 1320 0
1118 1347 7
202 1299 7
678 1357 0
1001 1339 1
1019 1279 2
288 1292 5
771 1320 0
1196 1354 6
1131 1338 1
640 1291 5
49 1322 7
603 1313 7
273 1248 1
841 1330 6
356 1280 4
604 1264 4
934 1331 8
1148 1264 4
829 1300 6
611 1333 6
1179 1347 7
129 1264 4
945 1342 7
718 1322 7
1211 1262 7
717 1255 6
89 1347 7
396 1329 1
333 1260 7
630 1297 5
128 1317 4
1222 1242 1
127 1337 3
922 1320 0
946 1337 3
593 1334 6
232 1299 7
52 1331 8
905 1330 6
423 1313 7
284 1264 4
483 1331 8
397 1320 0
972 1356 7
221 1357 0
1200 1288 5
40 1292 5
10 1299 7
806 1242 1
899 1279 2
972 1280 4
306 1297 5
1049 1341 7
1060 1331 8
695 1337 3
1203 1247 6
86 1299 7
323 1320 0
1043 1279 2
638 1259 7
1149 1279 2
488 1295 5
688 1260 7
990 1357 0
990 1354 6
670 1331 8
762 1337 3
108 1248 1
1210 1288 5
1063 1354 6
749 1353 6
879 1324 6
893 1342 7
959 1354 6
296 1279 2
498 1342 7
748 1357 0
766 1320 0
169 1273 1
874 1273 1
934 1333 6
818 1357 0
1081 1270 6
61 1310 7
1196 1313 7
135 1320 0
281 1356 7
930 1330 6
568 1309 2
56 1283 6
682 1273 1
111 1337 3
1227 1279 2
414 1309 2
974 1356 7
307 1297 5
710 1282 6
354 1274 1
666 1337 3
514 1300 6
43 1264 4
759 1333 6
58 1295 5
589 1283 6
424 1299 7
169 1264 4
652 1322 7
1235 1356 7
1113 1255 6
78 1299 7
425 1295 5
435 1316 3
1072 1337 3
744 1264 4
936 1279 2
46 1295 5
1034 1242 1
1158 1280 4
949 1243 1
365 1264 4
1180 1299 7
86 1242 1
838 1357 0
911 1342 7
994 1255 6
226 1264 4
1192 1355 6
1184 1316 3
893 1271 6
229 1248 1
782 1264 4
644 1296 5
221 1255 6
709 1298 7
116 1316 3
739 1315 6
134 1357 0
522 1320 0
968 1309 2
543 1354 6
63 1320 0
1055 1279 2
800 1309 2
710 1354 6
63 1327 1
726 1354 6
279 1309 2
1163 1279 2
801 1279 2
665 1320 0
111 1295 5
899 1320 0
542 1273 1
1163 1341 7
143 1320 0
900 1309 2
499 1322 7
513 1309 2
483 1289 5
920 1333 6
771 1242 1
694 1276 6
1216 1279 2
624 1331 8
298 1320 0
133 1313 7
601 1315 6
1135 1337 3
256 1330 6
508 1299 7
1114 1294 5
1004 1333 6
330 1264 4
73 1331 8
1092 1309 2
634 1279 2
504 1347 7
52 1339 1
524 1337 3
384 1316 3
1163 1280 4
9 1347 7
896 1329 1
308 1320 0
36 1289 5
603 1347 7
689 1315 6
190 1337 3
712 1340 7
373 1320 0
868 1337 3
879 1255 6
874 1264 4
72 1337 3
716 1330 6
518 1295 5
237 1331 8
213 1320 0
656 1264 4
1055 1280 4
67 1255 6
965 1262 7
940 1315 6
779 1309 2
433 1273 1
980 1356 7
405 1339 1
221 1322 7
1152 1273 1
657 1292 5
1106 1330 6
68 1264 4
770 1331 8
659 1345 7
830 1309 2
434 1261 6
495 1347 7
980 1273 1
571 1316 3
98 1357 0
1025 1297 5
407 1279 2
709 1255 6
1240 1299 7
1175 1279 2
85 1299 7
1074 1333 6
322 1242 1
1074 1255 6
880 1341 7
941 1274 1
331 1356 7
789 1320 0
955 1262 7
15 1320 0
1197 1288 5
1209 1273 1
547 1280 4
803 1260 7
230 1339 1
914 1357 0
191 1331 8
692 1261 6
1212 1299 7
822 1328 1
824 1293 5
347 1242 1
817 1337 3
1042 1291 5
86 1337 3
998 1331 8
699 1328 1
377 1354 6
886 1255 6
215 1337 3
1188 1255 6
1032 1261 6
611 1270 6
774 1355 6
782 1354 6
1229 1337 3
726 1330 6
757 1279 2
623 1242 1
737 1320 0
479 1322 7
370 1313 7
46 1273 1
962 1292 5
901 1299 7
479 1255 6
626 1331 8
307 1279 2
336 1280 4
237 1357 0
771 1273 1
272 1264 4
197 1316 3
707 1280 4
895 1315 6
976 1274 1
1104 1279 2
664 1292 5
200 1345 7
115 1357 0
1003 1316 3
457 1288 5
85 1279 2
1133 1248 1
52 1296 5
679 1264 4
817 1342 7
708 1245 6
302 1279 2
781 1330 6
662 1309 2
256 1261 6
878 1331 8
1034 1320 0
1102 1242 1
398 1273 1
975 1354 6
507 1242 1
1180 1266 6
290 1355 6
516 1291 5
341 1331 8
799 1259 7
903 1261 6
289 1289 5
1125 1322 7
716 1322 7
478 1264 4
397 1291 5
744 1331 8
1175 1295 5
185 1282 6
825 1331 8
632 1264 4
6 1333 6
807 1262 7
387 1322 7
342 1329 1
511 1337 3
1033 1337 3
686 1273 1
939 1315 6
989 1273 1
332 1333 6
793 1271 6
57 1322 7
37 1331 8
770 1299 7
1189 1331 8
663 1356 7
30 1255 6
16 1242 1
503 1290 5
224 1338 1
321 1299 7
1175 1280 4
427 1259 7
732 1255 6
742 1242 1
819 1320 0
484 1255 6
1073 1337 3
156 1355 6
280 1331 8
224 1264 4
95 1337 3
826 1266 6
172 1320 0
927 1320 0
150 1356 7
56 1280 4
656 1342 7
876 1331 8
379 1274 1
109 1299 7
337 1333 6
360 1337 3
747 1279 2
319 1337 3
884 1309 2
13 1255 6
554 1331 8
667 1279 2
676 1263 6
290 1331 8
889 1264 4
773 1355 6
807 1344 7
386 1315 6
917 1242 1
1079 1316 3
999 1320 0
620 1316 3
985 1354 6
1032 1337 3
898 1299 7
246 1262 7
56 1337 3
1092 1260 7
337 1299 7
120 1299 7
1110 1331 8
1204 1242 1
381 1355 6
228 1292 5
243 1331 8
1111 1331 8
17 1331 8
207 1279 2
705 1279 2
1160 1313 7
458 1331 8
1036 1315 6
1169 1345 7
146 1309 2
254 1315 6
31 1347 7
968 1297 5
805 1280 4
520 1280 4
1163 1295 5
77 1341 7
767 1260 7
141 1280 4
1162 1331 8
944 1316 3
1036 1320 0
355 1310 7
492 1288 5
614 1322 7
576 1279 2
258 1320 0
1053 1261 6
846 1264 4
527 1320 0
1133 1313 7
291 1280 4
972 1354 6
1096 1339 1
747 1297 5
506 1262 7
547 1260 7
837 1291 5
223 1343 3
111 1310 7
553 1347 7
737 1313 7
460 1292 5
899 1337 3
838 1331 8
1007 1337 3
328 1261 6
318 1315 6
347 1279 2
1208 1292 5
1239 1255 6
1232 1289 5
806 1320 0
1074 1337 3
825 1273 1
306 1337 3
656 1298 7
964 1299 7
309 1293 5
717 1331 8
871 1279 2
198 1296 5
1205 1248 1
529 1320 0
998 1342 7
387 1260 7
179 1242 1
138 1343 3
705 1273 1
1166 1320 0
498 1320 0
16 1255 6
685 1274 1
245 1299 7
316 1341 7
1031 1339 1
244 1259 7
715 1342 7
689 1264 4
1168 1293 5
1198 1333 6
95 1341 7
691 1329 1
468 1292 5
1141 1261 6
200 1342 7
99 1355 6
1072 1317 4
1028 1280 4
236 1354 6
1172 1280 4
65 1279 2
138 1331 8
788 1330 6
1069 1331 8
793 1309 2
769 1261 6
1207 1338 1
9 1298 7
323 1315 6
1120 1255 6
368 1356 7
907 1298 7
622 1299 7
355 1282 6
211 1273 1
1235 1331 8
413 1331 8
669 1316 3
1005 1264 4
821 1279 2
5 1331 8
1021 1315 6
697 1341 7
336 1331 8
943 1255 6
162 1347 7
325 1278 5
775 1264 4
765 1354 6
653 1331 8
170 1297 5
166 1273 1
513 1331 8
989 1345 7
707 1288 5
718 1292 5
940 1331 8
248 1255 6
366 1357 0
752 1320 0
761 1295 5
683 1337 3
611 1296 5
407 1322 7
479 1331 8
932 1295 5
869 1354 6
952 1337 3
865 1279 2
958 1242 1
135 1290 5
976 1295 5
228 1334 6
42 1356 7
592 1316 3
379 1260 7
1111 1342 7
951 1313 7
316 1280 4
811 1331 8
852 1342 7
1230 1316 3
1012 1316 3
740 1273 1
1108 1279 2
478 1347 7
183 1332 6
98 1315 6
688 1357 0
73 1316 3
112 1325 6
715 1261 6
697 1333 6
1028 1320 0
459 1357 0
137 1342 7
417 1334 6
800 1274 1
434 1330 6
1232 1331 8
1078 1273 1
69 1331 8
658 1355 6
940 1273 1
1059 1264 4
1142 1273 1
988 1356 7
1212 1270 6
650 1328 1
106 1279 2
795 1260 7
1160 1283 6
34 1320 0
655 1315 6
19 1320 0
57 1279 2
496 1330 6
1160 1280 4
1090 1295 5
264 1242 1
496 1264 4
67 1320 0
877 1322 7
984 1347 7
965 1331 8
881 1356 7
236 1298 7
768 1342 7
70 1347 7
1091 1279 2
992 1309 2
1134 1331 8
1226 1347 7
417 1280 4
977 1255 6
711 1261 6
1053 1354 6
1142 1328 1
671 1347 7
891 1270 6
1198 1299 7
442 1337 3
988 1331 8
759 1320 0
177 1273 1
354 1333 6
684 1273 1
362 1264 4
692 1273 1
258 1347 7
751 1320 0
1133 1262 7
248 1331 8
728 1320 0
574 1320 0
1058 1337 3
146 1320 0
1118 1262 7
1048 1298 7
147 1317 4
656 1273 1
137 1262 7
583 1293 5
1145 1329 1
146 1331 8
927 1255 6
995 1289 5
459 1264 4
989 1331 8
41 1272 6
942 1264 4
340 1342 7
209 1292 5
1221 1279 2
977 1328 1
1138 1291 5
93 1264 4
819 1331 8
1096 1338 1
1220 1264 4
723 1279 2
269 1261 6
154 1259 7
1219 1292 5
687 1331 8
91 1246 6
203 1262 7
294 1320 0
745 1356 7
188 1320 0
631 1320 0
139 1259 7
189 1309 2
795 1309 2
214 1316 3
795 1317 4
3 1274 1
1131 1288 5
95 1357 0
326 1292 5
498 1279 2
40 1255 6
519 1343 3
168 1320 0
87 1296 5
1152 1295 5
518 1331 8
590 1322 7
762 1279 2
68 1273 1
526 1242 1
779 1333 6
734 1320 0
1070 1279 2
1172 1297 5
456 1279 2
685 1329 1
253 1264 4
16 1273 1
113 1299 7
1214 1290 5
72 1295 5
653 1297 5
728 1330 6
631 1280 4
40 1339 1
1097 1264 4
698 1332 6
224 1357 0
433 1280 4
336 1322 7
404 1242 1
570 1280 4
774 1280 4
760 1331 8
58 1255 6
314 1320 0
184 1347 7
522 1279 2
388 1273 1
865 1295 5
1034 1273 1
1143 1270 6
523 1316 3
895 1296 5
779 1323 7
1040 1273 1
678 1322 7
897 1337 3
810 1316 3
838 1339 1
133 1331 8
954 1255 6
457 1316 3
430 1243 1
719 1255 6
675 1355 6
1090 1319 6
654 1255 6
3 1276 6
394 1357 0
696 1356 7
619 1331 8
112 1299 7
62 1331 8
313 1337 3
1140 1274 1
354 1320 0
310 1331 8
425 1279 2
206 1309 2
186 1330 6
1196 1331 8
705 1315 6
912 1294 5
97 1357 0
697 1255 6
165 1279 2
816 1255 6
206 1260 7
357 1264 4
273 1292 5
264 1299 7
921 1347 7
1009 1292 5
1181 1331 8
769 1292 5
1227 1329 1
78 1264 4
1108 1337 3
1083 1357 0
256 1279 2
70 1280 4
999 1337 3
677 1299 7
235 1341 7
1061 1322 7
1197 1356 7
418 1288 5
515 1261 6
606 1331 8
232 1280 4
1159 1264 4
900 1337 3
563 1274 1
171 1337 3
168 1279 2
368 1310 7
1059 1331 8
114 1255 6
1189 1329 1
23 1331 8
635 1331 8
596 1280 4
1077 1339 1
855 1280 4
38 1255 6
6 1299 7
1086 1339 1
219 1261 6
1239 1355 6
1223 1337 3
454 1340 7
110 1337 3
404 1320 0
760 1337 3
1221 1354 6
781 1299 7
400 1333 6
408 1255 6
708 1331 8
838 1280 4
1163 1320 0
474 1309 2
1188 1309 2
836 1280 4
1091 1313 7
705 1331 8
1113 1299 7
621 1279 2
382 1260 7
226 1255 6
591 1354 6
649 1331 8
1016 1271 6
592 1331 8
774 1353 6
1052 1280 4
436 1280 4
918 1273 1
835 1320 0
807 1292 5
753 1242 1
792 1288 5
1134 1274 1
906 1322 7
828 1342 7
9 1337 3
35 1280 4
1062 1356 7
1134 1310 7
355 1295 5
842 1331 8
307 1329 1
1124 1297 5
1135 1279 2
215 1290 5
1067 1316 3
373 1293 5
746 1297 5
345 1317 4
222 1264 4
124 1264 4
1145 1316 3
233 1320 0
684 1329 1
837 1343 3
1128 1280 4
904 1280 4
591 1316 3
1221 1347 7
766 1331 8
957 1338 1
1052 1337 3
537 1347 7
1206 1320 0
1160 1330 6
98 1333 6
654 1347 7
650 1354 6
685 1245 6
653 1255 6
1028 1329 1
580 1289 5
454 1331 8
376 1279 2
620 1255 6
128 1288 5
1190 1261 6
1177 1279 2
998 1255 6
947 1339 1
927 1355 6
639 1316 3
739 1262 7
881 1310 7
1120 1331 8
920 1320 0
1084 1293 5
973 1331 8
723 1264 4
413 1279 2
671 1309 2
248 1337 3
794 1355 6
344 1320 0
149 1255 6
441 1320 0
309 1355 6
679 1356 7
159 1339 1
527 1342 7
918 1264 4
408 1309 2
64 1280 4
867 1354 6
494 1292 5
179 1299 7
536 1260 7
1186 1263 6
418 1279 2
109 1279 2
417 1333 6
673 1264 4
817 1266 6
245 1295 5
986 1309 2
1084 1356 7
710 1337 3
137 1313 7
176 1280 4
962 1323 7
898 1264 4
790 1331 8
959 1330 6
891 1298 7
983 1315 6
283 1261 6
531 1264 4
18 1255 6
530 1242 1
103 1342 7
546 1343 3
948 1280 4
485 1298 7
38 1291 5
1225 1309 2
847 1293 5
924 1291 5
965 1342 7
233 1242 1
867 1322 7
173 1320 0
196 1337 3
1073 1313 7
581 1331 8
234 1354 6
158 1262 7
1212 1242 1
103 1279 2
1213 1293 5
272 1242 1
1117 1255 6
851 1355 6
82 1331 8
343 1342 7
439 1255 6
730 1279 2
736 1329 1
534 1289 5
959 1273 1
344 1322 7
673 1355 6
1140 1337 3
55 1255 6
610 1329 1
1035 1279 2
1207 1299 7
619 1260 7
85 1333 6
1008 1317 4
335 1347 7
933 1356 7
857 1299 7
896 1280 4
1065 1331 8
138 1255 6
1165 1332 6
749 1320 0
493 1331 8
71 1315 6
1075 1273 1
1150 1354 6
1141 1264 4
763 1347 7
962 1255 6
390 1316 3
700 1283 6
712 1295 5
333 1270 6
348 1342 7
874 1313 7
577 1356 7
34 1356 7
25 1313 7
592 1320 0
532 1242 1
164 1309 2
1089 1347 7
157 1356 7
1186 1261 6
879 1356 7
251 1337 3
96 1342 7
1193 1255 6
211 1357 0
351 1264 4
57 1338 1
846 1266 6
184 1331 8
1198 1320 0
50 1337 3
371 1245 6
767 1279 2
786 1264 4
819 1322 7
666 1357 0
1080 1322 7
1210 1279 2
558 1255 6
561 1316 3
313 1279 2
434 1292 5
323 1333 6
792 1309 2
618 1316 3
668 1273 1
262 1261 6
432 1264 4
1059 1297 5
696 1280 4
533 1320 0
198 1324 6
949 1280 4
865 1276 6
19 1355 6
639 1280 4
970 1264 4
790 1280 4
1084 1262 7
342 1273 1
556 1347 7
259 1342 7
1139 1337 3
340 1242 1
386 1299 7
1039 1261 6
245 1255 6
229 1273 1
821 1338 1
403 1355 6
354 1331 8
674 1242 1
1070 1320 0
914 1260 7
1179 1260 7
21 1320 0
182 1274 1
53 1295 5
305 1331 8
741 1298 7
566 1320 0
392 1298 7
799 1356 7
1213 1279 2
948 1331 8
31 1288 5
1102 1279 2
745 1260 7
352 1355 6
451 1280 4
1125 1331 8
834 1333 6
59 1331 8
866 1316 3
435 1320 0
257 1331 8
1217 1309 2
647 1357 0
549 1264 4
1022 1331 8
1153 1299 7
836 1337 3
1045 1329 1
863 1279 2
262 1279 2
337 1347 7
448 1337 3
953 1322 7
646 1354 6
859 1331 8
1064 1320 0
932 1260 7
1065 1262 7
1178 1331 8
688 1343 3
680 1355 6
926 1280 4
147 1242 1
761 1355 6
410 1295 5
510 1261 6
1037 1260 7
782 1313 7
891 1329 1
122 1255 6
897 1280 4
256 1341 7
511 1280 4
447 1331 8
1188 1320 0
503 1243 1
93 1342 7
868 1342 7
29 1328 1
561 1264 4
156 1353 6
828 1347 7
744 1273 1
335 1337 3
1197 1331 8
867 1313 7
199 1293 5
1204 1339 1
953 1280 4
139 1264 4
1209 1320 0
641 1310 7
838 1337 3
617 1289 5
0 1273 1
823 1342 7
624 1255 6
583 1354 6
310 1271 6
397 1280 4
742 1280 4
625 1298 7
83 1320 0
52 1273 1
133 1264 4
820 1264 4
232 1296 5
789 1337 3
542 1279 2
369 1279 2
1016 1320 0
347 1280 4
1117 1279 2
692 1337 3
491 1354 6
159 1309 2
1037 1343 3
244 1320 0
966 1292 5
142 1331 8
416 1343 3
1220 1320 0
692 1339 1
960 1331 8
211 1331 8
860 1295 5
168 1334 6
486 1331 8
220 1292 5
1232 1347 7
296 1331 8
967 1280 4
619 1330 6
993 1262 7
139 1255 6
734 1255 6
200 1356 7
429 1354 6
183 1357 0
267 1283 6
213 1337 3
1056 1299 7
637 1298 7
328 1316 3
961 1309 2
270 1320 0
943 1280 4
399 1322 7
715 1354 6
342 1339 1
431 1320 0
334 1337 3
181 1279 2
730 1276 6
1088 1259 7
881 1309 2
939 1295 5
334 1273 1
585 1347 7
969 1290 5
510 1331 8
249 1331 8
1037 1322 7
1003 1259 7
69 1357 0
1119 1320 0
1108 1260 7
963 1342 7
538 1329 1
1195 1255 6
1083 1331 8
712 1309 2
273 1330 6
781 1353 6
850 1272 6
867 1339 1
633 1280 4
760 1341 7
331 1264 4
1057 1248 1
37 1280 4
588 1320 0
914 1337 3
255 1347 7
752 1331 8
133 1330 6
922 1310 7
158 1331 8
540 1261 6
625 1316 3
91 1295 5
391 1293 5
319 1309 2
1195 1357 0
771 1331 8
821 1330 6
234 1341 7
669 1347 7
69 1255 6
1232 1357 0
879 1337 3
343 1258 7
894 1328 1
286 1354 6
398 1331 8
531 1291 5
633 1331 8
1132 1320 0
846 1342 7
1236 1320 0
711 1262 7
85 1288 5
439 1292 5
137 1293 5
1111 1299 7
791 1291 5
34 1248 1
49 1279 2
905 1342 7
645 1320 0
715 1255 6
1222 1329 1
782 1320 0
988 1294 5
753 1329 1
692 1330 6
779 1354 6
3 1357 0
286 1330 6
53 1331 8
470 1342 7
587 1292 5
406 1261 6
968 1332 6
699 1297 5
759 1339 1
878 1337 3
162 1331 8
16 1339 1
478 1292 5
75 1264 4
630 1309 2
382 1337 3
784 1309 2
296 1332 6
17 1317 4
158 1320 0
293 1255 6
405 1242 1
713 1299 7
217 1280 4
1197 1330 6
142 1279 2
756 1320 0
774 1266 6
99 1342 7
257 1264 4
187 1341 7
469 1354 6
693 1328 1
855 1322 7
620 1279 2
455 1273 1
148 1293 5
1104 1339 1
700 1260 7
982 1280 4
779 1255 6
894 1279 2
832 1331 8
926 1320 0
485 1337 3
588 1331 8
547 1279 2
289 1322 7
75 1262 7
943 1292 5
918 1288 5
248 1317 4
1225 1329 1
99 1344 7
55 1357 0
1212 1292 5
958 1341 7
87 1279 2
400 1276 6
613 1333 6
809 1309 2
851 1255 6
741 1341 7
301 1255 6
597 1330 6
326 1279 2
263 1299 7
611 1261 6
1046 1347 7
846 1353 6
1017 1295 5
280 1289 5
536 1331 8
780 1331 8
456 1355 6
860 1320 0
329 1330 6
185 1273 1
329 1316 3
491 1264 4
463 1273 1
286 1342 7
256 1242 1
802 1260 7
534 1354 6
822 1280 4
760 1317 4
811 1292 5
1201 1341 7
715 1320 0
49 1331 8
1223 1331 8
1041 1242 1
1215 1248 1
1195 1280 4
866 1320 0
702 1279 2
996 1268 6
474 1292 5
746 1249 1
959 1270 6
616 1273 1
779 1337 3
187 1313 7
979 1280 4
1164 1355 6
438 1289 5
994 1320 0
187 1320 0
183 1299 7
502 1331 8
387 1242 1
503 1331 8
79 1264 4
269 1342 7
438 1280 4
452 1317 4
1162 1292 5
1146 1317 4
419 1273 1
493 1322 7
65 1356 7
1132 1355 6
559 1320 0
1119 1279 2
783 1320 0
268 1309 2
1205 1242 1
1009 1279 2
1005 1295 5
1178 1347 7
321 1310 7
653 1353 6
664 1316 3
183 1343 3
614 1279 2
616 1261 6
207 1342 7
1031 1320 0
885 1354 6
243 1356 7
875 1352 6
710 1279 2
136 1357 0
928 1355 6
975 1273 1
331 1292 5
695 1347 7
283 1331 8
839 1293 5
587 1331 8
840 1259 7
730 1273 1
14 1342 7
1028 1270 6
528 1264 4
648 1264 4
666 1298 7
471 1320 0
377 1248 1
777 1312 7
1157 1357 0
679 1310 7
60 1280 4
169 1339 1
94 1295 5
498 1293 5
1218 1293 5
346 1255 6
1157 1297 5
464 1264 4
985 1280 4
291 1331 8
701 1347 7
768 1266 6
241 1279 2
162 1309 2
800 1280 4
1204 1338 1
207 1316 3
492 1331 8
730 1328 1
998 1320 0
692 1329 1
132 1317 4
1090 1337 3
872 1309 2
850 1337 3
210 1248 1
463 1337 3
362 1322 7
562 1279 2
669 1320 0
1030 1255 6
356 1288 5
48 1316 3
290 1255 6
1215 1342 7
266 1276 6
887 1337 3
796 1264 4
153 1313 7
691 1333 6
962 1331 8
887 1271 6
678 1260 7
43 1279 2
741 1255 6
1116 1259 7
205 1320 0
358 1264 4
985 1293 5
322 1357 0
911 1293 5
1019 1255 6
24 1295 5
127 1345 7
293 1296 5
842 1298 7
1019 1337 3
751 1313 7
1138 1320 0
782 1330 6
863 1354 6
299 1264 4
767 1280 4
744 1339 1
1016 1330 6
775 1270 6
39 1280 4
178 1242 1
173 1279 2
1018 1299 7
152 1344 7
988 1266 6
224 1279 2
699 1337 3
1017 1255 6
387 1315 6
417 1242 1
801 1280 4
1097 1295 5
641 1357 0
61 1274 1
687 1299 7
1127 1296 5
40 1260 7
231 1337 3
820 1331 8
274 1338 1
628 1322 7
1240 1280 4
863 1292 5
270 1337 3
731 1264 4
318 1273 1
992 1293 5
952 1330 6
1125 1290 5
769 1330 6
463 1279 2
3 1317 4
609 1291 5
1109 1337 3
1232 1279 2
9 1354 6
1173 1337 3
1236 1242 1
1002 1357 0
1184 1291 5
560 1300 6
975 1242 1
637 1299 7
705 1270 6
1138 1299 7
1138 1342 7
136 1264 4
148 1317 4
435 1292 5
148 1309 2
616 1298 7
696 1306 6
1108 1255 6
532 1270 6
1002 1261 6
211 1242 1
286 1280 4
289 1242 1
641 1299 7
119 1331 8
347 1299 7
794 1331 8
494 1342 7
427 1280 4
943 1322 7
901 1320 0
196 1292 5
156 1337 3
34 1337 3
61 1324 6
114 1357 0
465 1288 5
206 1337 3
121 1356 7
232 1279 2
72 1273 1
673 1356 7
1006 1320 0
1094 1279 2
841 1255 6
332 1316 3
110 1242 1
720 1274 1
502 1299 7
1024 1299 7
624 1280 4
1175 1255 6
1224 1293 5
449 1347 7
130 1331 8
120 1255 6
204 1339 1
928 1255 6
156 1331 8
1158 1299 7
992 1270 6
407 1357 0
1048 1331 8
1216 1264 4
1028 1242 1
1068 1355 6
542 1357 0
287 1331 8
615 1320 0
1028 1333 6
263 1270 6
480 1279 2
141 1299 7
1127 1242 1
396 1315 6
8 1264 4
1054 1292 5
275 1337 3
745 1322 7
1067 1320 0
238 1316 3
818 1342 7
342 1357 0
708 1310 7
203 1295 5
327 1323 7
823 1255 6
706 1337 3
1189 1297 5
1101 1298 7
763 1273 1
410 1313 7
656 1341 7
475 1264 4
838 1330 6
804 1264 4
1157 1330 6
695 1280 4
438 1322 7
975 1333 6
470 1331 8
25 1255 6
15 1331 8
1107 1279 2
11 1357 0
1126 1295 5
82 1242 1
959 1283 6
414 1290 5
92 1309 2
229 1297 5
784 1316 3
1068 1295 5
56 1271 6
1174 1342 7
524 1260 7
763 1255 6
237 1341 7
234 1337 3
957 1292 5
775 1273 1
668 1270 6
860 1345 7
617 1280 4
1101 1248 1
354 1337 3
943 1273 1
247 1279 2
236 1330 6
580 1279 2
236 1337 3
735 1356 7
467 1279 2
9 1300 6
610 1316 3
934 1309 2
716 1339 1
826 1255 6
202 1309 2
743 1331 8
978 1248 1
1133 1316 3
775 1322 7
312 1320 0
320 1279 2
382 1331 8
596 1331 8
371 1274 1
749 1264 4
1066 1293 5
1130 1322 7
239 1322 7
417 1314 6
869 1357 0
715 1299 7
1197 1342 7
23 1341 7
685 1331 8
919 1313 7
1172 1333 6
925 1357 0
226 1337 3
178 1339 1
476 1345 7
578 1320 0
771 1354 6
417 1295 5
397 1298 7
755 1330 6
1 1341 7
1089 1320 0
1134 1295 5
738 1330 6
1185 1255 6
721 1331 8
936 1331 8
87 1337 3
617 1279 2
450 1320 0
559 1279 2
969 1331 8
873 1293 5
773 1309 2
963 1262 7
456 1320 0
474 1320 0
222 1255 6
911 1343 3
224 1337 3
427 1331 8
1068 1264 4
621 1242 1
1161 1288 5
726 1325 6
83 1342 7
357 1344 7
1215 1320 0
748 1279 2
488 1357 0
365 1296 5
128 1316 3
32 1279 2
1204 1282 6
825 1320 0
105 1273 1
652 1331 8
1078 1337 3
841 1276 6
233 1316 3
767 1337 3
94 1317 4
769 1299 7
1145 1242 1
173 1337 3
684 1357 0
718 1280 4
1015 1292 5
178 1337 3
757 1298 7
532 1280 4
901 1345 7
46 1299 7
671 1255 6
936 1330 6
1228 1293 5
231 1298 7
341 1316 3
329 1279 2
960 1264 4
398 1322 7
999 1331 8
119 1328 1
48 1339 1
95 1255 6
458 1280 4
201 1337 3
791 1255 6
966 1279 2
264 1289 5
385 1255 6
1066 1344 7
1140 1310 7
205 1295 5
782 1337 3
653 1356 7
946 1331 8
1142 1255 6
60 1342 7
714 1309 2
1074 1357 0
814 1322 7
544 1273 1
663 1309 2
418 1347 7
831 1320 0
779 1293 5
231 1309 2
1083 1337 3
506 1264 4
906 1242 1
151 1309 2
31 1316 3
1064 1316 3
35 1342 7
609 1279 2
554 1292 5
691 1357 0
552 1329 1
1233 1354 6
93 1355 6
900 1330 6
933 1334 6
16 1283 6
659 1315 6
251 1333 6
912 1331 8
411 1313 7
1075 1242 1
858 1279 2
1192 1337 3
436 1309 2
295 1347 7
27 1331 8
1226 1288 5
843 1255 6
644 1354 6
1199 1255 6
362 1289 5
1216 1322 7
1014 1320 0
385 1309 2
1199 1341 7
769 1337 3
709 1259 7
409 1280 4
500 1273 1
384 1339 1
1201 1337 3
496 1255 6
1072 1347 7
423 1317 4
1003 1322 7
1163 1273 1
583 1262 7
1231 1347 7
890 1332 6
1028 1279 2
218 1283 6
384 1273 1
813 1280 4
518 1280 4
182 1356 7
1080 1317 4
1036 1280 4
678 1273 1
503 1337 3
842 1280 4
1074 1261 6
370 1342 7
446 1289 5
285 1309 2
132 1299 7
562 1331 8
379 1317 4
1078 1264 4
822 1333 6
161 1320 0
255 1331 8
1001 1295 5
1183 1279 2
549 1288 5
1239 1331 8
523 1330 6
907 1339 1
1158 1333 6
1068 1309 2
1115 1320 0
438 1279 2
106 1320 0
1118 1283 6
648 1320 0
1158 1357 0
447 1320 0
681 1279 2
85 1337 3
442 1242 1
492 1357 0
1173 1330 6
890 1347 7
876 1280 4
104 1331 8
600 1315 6
732 1337 3
720 1329 1
1080 1331 8
958 1331 8
521 1279 2
1106 1261 6
456 1353 6
1190 1342 7
236 1331 8
662 1317 4
672 1296 5
696 1331 8
621 1295 5
318 1261 6
142 1329 1
631 1331 8
633 1320 0
873 1299 7
217 1320 0
586 1339 1
855 1331 8
957 1242 1
295 1255 6
9 1313 7
720 1341 7
116 1279 2
730 1297 5
535 1289 5
359 1331 8
895 1298 7
389 1280 4
1234 1279 2
1108 1342 7
541 1245 6
378 1356 7
682 1316 3
474 1331 8
393 1341 7
331 1331 8
0 1270 6
1015 1273 1
220 1313 7
1193 1299 7
961 1329 1
432 1342 7
971 1321 6
971 1293 5
1214 1331 8
977 1299 7
1022 1294 5
1054 1320 0
1150 1330 6
1149 1347 7
124 1279 2
925 1331 8
1093 1280 4
1037 1338 1
786 1279 2
977 1320 0
1229 1309 2
1122 1273 1
745 1337 3
378 1320 0
337 1331 8
621 1248 1
1144 1322 7
100 1345 7
1167 1331 8
1080 1330 6
651 1337 3
749 1337 3
861 1320 0
200 1331 8
80 1279 2
114 1337 3
890 1280 4
76 1320 0
645 1295 5
976 1331 8
767 1343 3
509 1273 1
262 1313 7
122 1337 3
694 1280 4
182 1337 3
796 1331 8
404 1295 5
243 1353 6
1104 1293 5
1058 1354 6
427 1279 2
1148 1259 7
902 1280 4
937 1356 7
875 1295 5
716 1325 6
510 1273 1
111 1264 4
439 1309 2
209 1331 8
350 1353 6
1010 1299 7
143 1330 6
609 1357 0
597 1293 5
506 1330 6
610 1330 6
1096 1264 4
524 1357 0
655 1320 0
184 1299 7
515 1354 6
1238 1255 6
729 1337 3
87 1270 6
693 1242 1
157 1355 6
1149 1316 3
1191 1279 2
321 1337 3
184 1315 6
634 1320 0
452 1316 3
843 1264 4
1237 1331 8
395 1317 4
861 1344 7
420 1255 6
237 1277 6
1144 1260 7
1038 1309 2
804 1356 7
957 1357 0
942 1331 8
116 1347 7
1057 1339 1
1073 1264 4
1159 1331 8
1076 1291 5
908 1355 6
440 1310 7
2 1295 5
893 1266 6
333 1291 5
508 1273 1
947 1309 2
266 1356 7
483 1279 2
113 1337 3
1008 1342 7
173 1342 7
9 1331 8
1044 1320 0
701 1247 6
1026 1255 6
92 1357 0
144 1320 0
843 1259 7
572 1317 4
704 1330 6
1045 1255 6
328 1320 0
1011 1305 5
256 1331 8
1062 1279 2
1048 1352 6
454 1264 4
844 1299 7
390 1255 6
266 1274 1
1003 1279 2
208 1260 7
44 1337 3
1117 1330 6
343 1356 7
301 1345 7
902 1261 6
837 1354 6
111 1345 7
845 1328 1
645 1299 7
870 1279 2
945 1330 6
822 1299 7
281 1255 6
1136 1331 8
860 1310 7
881 1344 7
475 1295 5
867 1347 7
959 1262 7
206 1357 0
1087 1309 2
1056 1279 2
706 1279 2
502 1298 7
801 1331 8
362 1331 8
91 1310 7
250 1309 2
52 1248 1
464 1288 5
663 1337 3
756 1242 1
1126 1299 7
53 1337 3
1015 1244 6
260 1264 4
445 1331 8
931 1317 4
625 1354 6
769 1324 6
1051 1320 0
599 1279 2
99 1280 4
620 1355 6
865 1255 6
262 1320 0
590 1357 0
58 1271 6
1201 1347 7
644 1330 6
688 1289 5
81 1316 3
451 1242 1
645 1309 2
1087 1299 7
930 1328 1
607 1295 5
1043 1347 7
1098 1242 1
169 1296 5
312 1261 6
1218 1313 7
1097 1259 7
1129 1337 3
923 1264 4
86 1298 7
334 1331 8
489 1347 7
979 1357 0
1007 1355 6
1041 1320 0
236 1344 7
283 1354 6
481 1354 6
495 1260 7
1017 1309 2
531 1347 7
977 1279 2
1015 1337 3
616 1309 2
1130 1337 3
745 1328 1
1100 1268 6
521 1331 8
999 1309 2
583 1342 7
375 1279 2
663 1330 6
1190 1354 6
717 1328 1
561 1320 0
527 1330 6
755 1255 6
1227 1320 0
133 1320 0
1063 1295 5
1140 1245 6
417 1270 6
664 1279 2
889 1337 3
799 1320 0
1117 1345 7
955 1355 6
674 1317 4
353 1337 3
644 1332 6
570 1290 5
341 1264 4
28 1264 4
166 1347 7
664 1320 0
220 1331 8
186 1262 7
844 1328 1
1001 1299 7
377 1339 1
65 1271 6
212 1342 7
77 1328 1
286 1322 7
1067 1279 2
494 1317 4
20 1280 4
659 1328 1
285 1354 6
1031 1332 6
1221 1316 3
865 1317 4
1141 1330 6
792 1331 8
210 1332 6
960 1266 6
902 1279 2
854 1347 7
992 1283 6
323 1309 2
374 1279 2
1216 1333 6
477 1331 8
807 1264 4
637 1273 1
1009 1316 3
493 1354 6
688 1273 1
456 1255 6
1 1298 7
974 1338 1
903 1345 7
298 1293 5
940 1242 1
756 1317 4
775 1330 6
1165 1298 7
1188 1337 3
1034 1331 8
884 1342 7
425 1356 7
510 1347 7
990 1283 6
872 1337 3
934 1261 6
821 1320 0
1163 1330 6
26 1339 1
1157 1337 3
232 1320 0
240 1331 8
1064 1255 6
1030 1271 6
332 1255 6
1041 1274 1
106 1280 4
230 1337 3
963 1293 5
1003 1273 1
1022 1299 7
378 1343 3
263 1337 3
1214 1264 4
702 1320 0
22 1255 6
701 1261 6
423 1316 3
26 1255 6
773 1280 4
1194 1288 5
971 1261 6
372 1333 6
145 1273 1
346 1242 1
424 1331 8
797 1316 3
249 1316 3
583 1331 8
781 1342 7
406 1264 4
29 1243 1
1113 1320 0
262 1354 6
876 1355 6
242 1337 3
695 1242 1
335 1279 2
302 1320 0
175 1322 7
598 1279 2
425 1331 8
851 1357 0
1207 1248 1
846 1337 3
538 1274 1
136 1288 5
618 1255 6
830 1242 1
491 1261 6
593 1261 6
1140 1357 0
474 1283 6
440 1260 7
173 1331 8
76 1297 5
5 1273 1
386 1280 4
1041 1317 4
235 1299 7
1213 1299 7
961 1347 7
994 1279 2
190 1331 8
452 1331 8
17 1273 1
782 1299 7
435 1280 4
547 1292 5
938 1331 8
997 1320 0
282 1279 2
1032 1331 8
688 1298 7
1169 1330 6
639 1293 5
961 1272 6
73 1291 5
1091 1292 5
231 1299 7
1005 1299 7
68 1316 3
773 1344 7
739 1309 2
157 1299 7
899 1348 6
398 1279 2
137 1331 8
250 1331 8
864 1331 8
277 1296 5
1074 1317 4
143 1337 3
417 1320 0
969 1316 3
742 1330 6
740 1299 7
370 1320 0
1074 1263 6
145 1242 1
393 1264 4
287 1357 0
379 1316 3
412 1261 6
202 1320 0
182 1320 0
995 1337 3
360 1309 2
1207 1354 6
904 1255 6
469 1331 8
63 1337 3
347 1331 8
806 1248 1
637 1279 2
105 1295 5
187 1330 6
1223 1255 6
951 1354 6
630 1245 6
165 1354 6
1108 1354 6
868 1320 0
662 1339 1
1037 1292 5
1038 1330 6
703 1299 7
221 1243 1
409 1273 1
1033 1330 6
451 1279 2
1014 1331 8
501 1279 2
828 1255 6
1011 1279 2
1040 1255 6
1018 1331 8
680 1337 3
1089 1292 5
698 1264 4
920 1331 8
553 1280 4
1193 1354 6
891 1320 0
1138 1337 3
357 1355 6
968 1255 6
305 1313 7
587 1279 2
708 1357 0
475 1333 6
454 1279 2
748 1300 6
813 1320 0
1 1357 0
418 1264 4
84 1356 7
51 1264 4
609 1331 8
1227 1324 6
1067 1330 6
397 1337 3
312 1337 3
518 1328 1
551 1295 5
674 1296 5
524 1282 6
1165 1309 2
855 1320 0
1161 1264 4
200 1255 6
1113 1337 3
479 1342 7
324 1331 8
51 1299 7
399 1264 4
82 1264 4
742 1357 0
967 1305 5
921 1309 2
384 1279 2
403 1356 7
1158 1354 6
750 1342 7
514 1342 7
354 1299 7
167 1333 6
661 1316 3
20 1299 7
1025 1331 8
359 1274 1
971 1337 3
776 1273 1
993 1255 6
1179 1354 6
1047 1273 1
572 1331 8
840 1356 7
826 1343 3
266 1320 0
899 1356 7
869 1260 7
449 1357 0
168 1291 5
959 1310 7
1025 1279 2
1100 1331 8
342 1341 7
1035 1320 0
1111 1264 4
22 1356 7
67 1331 8
1094 1357 0
1207 1322 7
689 1331 8
1215 1261 6
1016 1355 6
107 1242 1
50 1264 4
219 1320 0
639 1331 8
753 1331 8
1064 1279 2
496 1242 1
795 1325 6
1094 1333 6
769 1274 1
487 1279 2
242 1342 7
111 1320 0
503 1342 7
983 1341 7
1069 1355 6
2 1355 6
873 1270 6
104 1339 1
968 1298 7
869 1339 1
605 1297 5
69 1355 6
1176 1291 5
638 1264 4
1087 1264 4
1086 1248 1
110 1264 4
692 1320 0
743 1322 7
481 1255 6
765 1260 7
1165 1264 4
1118 1261 6
1113 1271 6
821 1299 7
560 1331 8
113 1339 1
902 1342 7
1027 1310 7
1110 1320 0
1030 1266 6
516 1347 7
709 1297 5
1153 1262 7
114 1259 7
706 1339 1
678 1343 3
674 1320 0
61 1280 4
98 1322 7
1156 1255 6
1192 1255 6
897 1331 8
983 1329 1
1031 1242 1
300 1248 1
1153 1292 5
1021 1298 7
736 1310 7
802 1279 2
1065 1342 7
955 1260 7
980 1242 1
1139 1354 6
1089 1331 8
1228 1342 7
188 1316 3
746 1331 8
0 1357 0
686 1297 5
1026 1356 7
271 1289 5
505 1299 7
255 1289 5
1176 1280 4
1150 1279 2
227 1337 3
139 1356 7
957 1310 7
401 1289 5
27 1245 6
692 1298 7
681 1264 4
60 1316 3
55 1331 8
321 1331 8
42 1255 6
974 1242 1
322 1337 3
743 1296 5
1078 1339 1
605 1320 0
75 1299 7
485 1272 6
159 1280 4
721 1280 4
342 1248 1
200 1292 5
1016 1280 4
323 1356 7
699 1320 0
1231 1354 6
971 1276 6
1201 1299 7
408 1347 7
616 1339 1
209 1279 2
698 1330 6
1098 1330 6
132 1242 1
89 1291 5
398 1357 0
723 1357 0
690 1299 7
540 1357 0
349 1355 6
776 1357 0
545 1255 6
75 1298 7
820 1279 2
1204 1299 7
247 1342 7
1140 1297 5
787 1320 0
81 1317 4
177 1280 4
487 1260 7
117 1355 6
241 1299 7
1047 1320 0
532 1273 1
663 1255 6
1143 1330 6
1 1299 7
1133 1298 7
853 1331 8
526 1309 2
945 1242 1
1147 1337 3
895 1339 1
256 1262 7
175 1290 5
700 1356 7
439 1264 4
767 1299 7
624 1342 7
877 1279 2
980 1293 5
86 1315 6
255 1320 0
80 1320 0
1162 1333 6
386 1298 7
833 1355 6
246 1313 7
674 1299 7
942 1242 1
1185 1337 3
309 1280 4
1169 1279 2
72 1299 7
664 1322 7
145 1262 7
1186 1310 7
175 1343 3
316 1337 3
1238 1242 1
251 1270 6
876 1259 7
1235 1357 0
139 1331 8
891 1315 6
738 1242 1
95 1297 5
901 1264 4
342 1299 7
283 1330 6
613 1279 2
247 1292 5
255 1309 2
870 1337 3
102 1270 6
303 1264 4
758 1293 5
1206 1264 4
574 1279 2
1141 1299 7
342 1330 6
691 1339 1
1023 1279 2
679 1295 5
1090 1317 4
191 1299 7
932 1309 2
498 1242 1
985 1330 6
694 1331 8
910 1242 1
201 1295 5
952 1320 0
347 1333 6
372 1339 1
837 1347 7
316 1255 6
456 1337 3
183 1255 6
0 1295 5
288 1242 1
74 1264 4
1006 1315 6
37 1342 7
1212 1345 7
344 1257 6
355 1331 8
865 1356 7
1180 1255 6
798 1261 6
1035 1270 6
732 1331 8
743 1309 2
689 1342 7
419 1279 2
959 1248 1
398 1340 7
785 1341 7
312 1246 6
233 1338 1
286 1337 3
222 1297 5
997 1317 4
917 1345 7
1037 1242 1
640 1322 7
968 1329 1
806 1354 6
1180 1279 2
474 1342 7
1128 1289 5
51 1262 7
729 1331 8
291 1320 0
1129 1273 1
42 1309 2
261 1248 1
366 1310 7
583 1313 7
79 1357 0
494 1320 0
857 1320 0
964 1320 0
711 1298 7
491 1331 8
725 1309 2
284 1355 6
181 1337 3
275 1255 6
1083 1343 3
891 1331 8
756 1329 1
701 1312 7
146 1323 7
736 1339 1
320 1292 5
399 1261 6
684 1339 1
696 1337 3
307 1248 1
1044 1342 7
300 1329 1
135 1298 7
58 1353 6
774 1342 7
365 1255 6
564 1242 1
1044 1271 6
1174 1356 7
678 1347 7
349 1299 7
756 1331 8
1132 1279 2
781 1355 6
81 1295 5
741 1320 0
550 1347 7
164 1342 7
1042 1260 7
1227 1297 5
984 1309 2
663 1298 7
1208 1320 0
600 1264 4
301 1274 1
105 1341 7
1177 1320 0
895 1329 1
1117 1299 7
156 1279 2
741 1333 6
815 1337 3
133 1339 1
1016 1356 7
230 1280 4
446 1331 8
159 1315 6
77 1331 8
888 1322 7
929 1320 0
775 1261 6
804 1309 2
215 1309 2
1215 1262 7
15 1337 3
747 1314 6
860 1258 7
125 1309 2
256 1273 1
916 1331 8
446 1264 4
1106 1342 7
918 1320 0
856 1337 3
709 1332 6
308 1355 6
635 1261 6
1027 1309 2
199 1309 2
3 1310 7
661 1295 5
380 1288 5
22 1293 5
473 1342 7
1107 1271 6
108 1242 1
29 1357 0
377 1320 0
1083 1264 4
305 1309 2
1060 1309 2
1013 1342 7
1061 1273 1
880 1330 6
815 1357 0
8 1322 7
856 1279 2
328 1354 6
97 1330 6
434 1255 6
1207 1264 4
195 1354 6
1134 1353 6
518 1333 6
436 1320 0
702 1280 4
915 1320 0
36 1280 4
908 1344 7
345 1279 2
1185 1295 5
1182 1299 7
517 1331 8
500 1262 7
880 1309 2
1 1279 2
77 1308 1
748 1347 7
730 1320 0
982 1255 6
1107 1337 3
306 1279 2
127 1356 7
693 1315 6
203 1280 4
757 1280 4
901 1337 3
575 1242 1
434 1354 6
961 1248 1
996 1312 7
619 1274 1
1013 1331 8
294 1331 8
378 1331 8
1106 1294 5
189 1264 4
1188 1331 8
885 1347 7
457 1320 0
1143 1322 7
238 1331 8
593 1273 1
1166 1280 4
134 1279 2
872 1320 0
875 1280 4
125 1280 4
416 1322 7
38 1331 8
503 1347 7
666 1331 8
1038 1260 7
338 1279 2
176 1261 6
650 1357 0
1146 1330 6
245 1341 7
114 1342 7
1127 1320 0
190 1262 7
659 1270 6
204 1329 1
448 1355 6
811 1279 2
1049 1357 0
376 1325 6
613 1293 5
229 1332 6
752 1264 4
1007 1320 0
253 1355 6
77 1345 7
372 1264 4
98 1330 6
556 1283 6
573 1310 7
611 1342 7
772 1343 3
1207 1273 1
946 1299 7
631 1279 2
935 1280 4
704 1315 6
706 1345 7
299 1279 2
91 1355 6
35 1262 7
669 1264 4
1167 1347 7
525 1280 4
476 1337 3
404 1279 2
674 1331 8
114 1355 6
728 1331 8
104 1259 7
1115 1279 2
366 1332 6
1045 1320 0
1084 1342 7
581 1279 2
282 1320 0
1135 1299 7
975 1270 6
611 1354 6
811 1337 3
1227 1342 7
508 1331 8
614 1357 0
1158 1325 6
240 1345 7
130 1299 7
149 1331 8
925 1309 2
847 1337 3
1011 1320 0
241 1264 4
852 1356 7
884 1343 3
487 1298 7
386 1245 6
678 1331 8
211 1322 7
201 1276 6
416 1298 7
827 1331 8
754 1255 6
410 1280 4
847 1280 4
51 1342 7
413 1289 5
70 1356 7
980 1357 0
19 1356 7
78 1333 6
385 1356 7
625 1357 0
663 1347 7
347 1283 6
42 1289 5
822 1296 5
950 1326 5
286 1331 8
611 1345 7
233 1288 5
1074 1310 7
385 1280 4
1235 1259 7
207 1339 1
1105 1279 2
367 1288 5
182 1310 7
752 1299 7
627 1299 7
754 1315 6
807 1279 2
1086 1357 0
113 1295 5
5 1315 6
723 1283 6
1089 1337 3
926 1354 6
77 1280 4
330 1316 3
11 1330 6
1187 1337 3
416 1280 4
715 1330 6
524 1322 7
479 1261 6
145 1255 6
638 1342 7
465 1316 3
158 1354 6
355 1324 6
360 1322 7
464 1342 7
655 1298 7
126 1279 2
1127 1309 2
733 1354 6
696 1333 6
400 1242 1
1017 1337 3
720 1310 7
941 1282 6
385 1330 6
548 1330 6
82 1261 6
890 1279 2
735 1309 2
530 1273 1
348 1292 5
510 1299 7
1221 1320 0
546 1320 0
315 1280 4
963 1320 0
1187 1273 1
32 1255 6
842 1279 2
646 1313 7
301 1242 1
1019 1273 1
502 1261 6
874 1357 0
798 1313 7
723 1338 1
965 1279 2
69 1356 7
406 1354 6
165 1331 8
567 1331 8
366 1273 1
167 1320 0
1156 1331 8
768 1279 2
13 1331 8
1143 1291 5
93 1255 6
1164 1255 6
94 1331 8
86 1255 6
647 1280 4
136 1347 7
174 1320 0
1040 1354 6
672 1320 0
1133 1331 8
242 1309 2
782 1342 7
1177 1354 6
115 1356 7
123 1354 6
187 1279 2
987 1295 5
753 1333 6
847 1271 6
340 1328 1
1202 1341 7
857 1279 2
983 1320 0
278 1342 7
687 1289 5
1021 1331 8
106 1337 3
809 1242 1
353 1280 4
1056 1342 7
206 1255 6
512 1298 7
1026 1280 4
620 1299 7
945 1331 8
656 1325 6
833 1280 4
243 1320 0
150 1309 2
1234 1322 7
16 1292 5
809 1339 1
229 1280 4
122 1299 7
416 1320 0
400 1280 4
703 1337 3
496 1331 8
1189 1242 1
770 1264 4
358 1315 6
740 1347 7
803 1357 0
355 1309 2
1055 1322 7
386 1279 2
47 1355 6
247 1245 6
321 1357 0
10 1279 2
248 1295 5
138 1289 5
885 1328 1
848 1264 4
999 1264 4
267 1299 7
788 1280 4
1183 1289 5
565 1291 5
448 1295 5
583 1309 2
1007 1299 7
143 1298 7
88 1276 6
299 1342 7
12 1331 8
740 1329 1
1066 1333 6
606 1309 2
1033 1322 7
194 1279 2
1105 1355 6
350 1313 7
247 1354 6
651 1280 4
488 1242 1
287 1337 3
990 1342 7
976 1309 2
736 1246 6
347 1292 5
681 1331 8
826 1298 7
880 1337 3
1142 1299 7
767 1291 5
562 1337 3
368 1320 0
337 1279 2
515 1347 7
717 1264 4
301 1279 2
795 1275 6
996 1354 6
724 1255 6
118 1264 4
1135 1266 6
610 1344 7
787 1279 2
177 1242 1
360 1276 6
751 1331 8
900 1292 5
605 1276 6
125 1320 0
908 1343 3
758 1255 6
581 1264 4
874 1339 1
258 1342 7
828 1333 6
763 1280 4
163 1251 6
564 1295 5
253 1357 0
934 1299 7
141 1331 8
456 1356 7
667 1352 6
115 1279 2
916 1354 6
297 1280 4
394 1288 5
961 1339 1
93 1356 7
230 1242 1
657 1255 6
154 1337 3
689 1320 0
51 1270 6
1053 1331 8
1082 1337 3
740 1344 7
396 1298 7
303 1255 6
189 1354 6
127 1295 5
883 1280 4
703 1242 1
459 1261 6
264 1341 7
1228 1356 7
912 1248 1
667 1334 6
897 1309 2
1071 1320 0
747 1331 8
250 1341 7
509 1280 4
210 1339 1
14 1259 7
888 1289 5
245 1309 2
978 1279 2
320 1356 7
1238 1337 3
833 1295 5
495 1322 7
787 1255 6
325 1309 2
1077 1297 5
238 1320 0
571 1264 4
853 1357 0
1098 1270 6
1042 1255 6
1077 1331 8
434 1280 4
39 1316 3
220 1328 1
965 1343 3
32 1331 8
1056 1333 6
899 1355 6
1222 1296 5
1151 1331 8
392 1337 3
139 1295 5
806 1273 1
1151 1280 4
841 1331 8
472 1331 8
84 1292 5
551 1279 2
424 1255 6
854 1320 0
1150 1293 5
187 1337 3
376 1316 3
123 1264 4
970 1316 3
793 1357 0
237 1309 2
304 1313 7
87 1341 7
484 1331 8
730 1310 7
928 1299 7
1073 1279 2
1152 1299 7
1228 1330 6
147 1345 7
453 1331 8
1081 1273 1
931 1310 7
887 1293 5
1099 1331 8
775 1292 5
1196 1310 7
273 1264 4
1173 1279 2
324 1261 6
1012 1347 7
434 1323 7
103 1329 1
1007 1264 4
711 1316 3
62 1320 0
332 1320 0
51 1337 3
645 1330 6
266 1317 4
90 1309 2
287 1293 5
833 1320 0
1208 1354 6
156 1344 7
756 1310 7
1218 1333 6
424 1354 6
1134 1324 6
1009 1347 7
1084 1330 6
1062 1337 3
1165 1255 6
473 1291 5
487 1261 6
1104 1242 1
1140 1276 6
941 1331 8
563 1320 0
699 1299 7
267 1279 2
1098 1344 7
126 1355 6
327 1279 2
827 1313 7
145 1339 1
962 1357 0
1200 1347 7
533 1280 4
1122 1248 1
208 1255 6
229 1329 1
594 1331 8
816 1280 4
589 1347 7
243 1279 2
520 1316 3
437 1347 7
125 1255 6
795 1333 6
1031 1337 3
820 1295 5
422 1279 2
605 1274 1
766 1299 7
114 1356 7
1070 1331 8
98 1299 7
631 1290 5
251 1329 1
258 1341 7
601 1347 7
871 1255 6
970 1260 7
376 1320 0
735 1296 5
815 1279 2
0 1299 7
719 1260 7
723 1270 6
78 1315 6
1105 1356 7
818 1322 7
97 1331 8
659 1261 6
272 1292 5
97 1310 7
273 1262 7
1039 1322 7
807 1273 1
1014 1260 7
38 1347 7
1136 1342 7
520 1279 2
463 1356 7
810 1342 7
118 1331 8
922 1324 6
276 1273 1
334 1255 6
834 1322 7
758 1331 8
1140 1255 6
519 1320 0
715 1347 7
108 1273 1
798 1320 0
409 1299 7
369 1342 7
195 1331 8
298 1251 6
363 1299 7
1193 1331 8
626 1347 7
94 1261 6
603 1309 2
81 1274 1
637 1331 8
266 1310 7
404 1299 7
683 1264 4
329 1331 8
322 1331 8
139 1279 2
304 1274 1
896 1296 5
421 1322 7
247 1337 3
729 1299 7
41 1248 1
493 1279 2
69 1264 4
623 1259 7
1155 1322 7
475 1273 1
281 1337 3
398 1313 7
545 1299 7
258 1261 6
39 1331 8
752 1339 1
525 1320 0
208 1279 2
191 1279 2
455 1299 7
164 1310 7
332 1299 7
301 1324 6
1025 1280 4
873 1255 6
821 1242 1
1046 1331 8
823 1320 0
845 1255 6
641 1317 4
81 1331 8
928 1342 7
440 1264 4
125 1354 6
176 1309 2
176 1294 5
284 1320 0
738 1292 5
964 1354 6
258 1313 7
311 1320 0
273 1273 1
1168 1279 2
690 1328 1
178 1273 1
849 1259 7
529 1279 2
1100 1299 7
642 1259 7
940 1333 6
278 1279 2
995 1331 8
1015 1309 2
71 1280 4
447 1316 3
637 1268 6
582 1279 2
416 1313 7
142 1315 6
1204 1317 4
419 1295 5
939 1280 4
80 1289 5
936 1316 3
91 1306 6
822 1273 1
598 1320 0
1061 1242 1
674 1337 3
1146 1279 2
583 1260 7
641 1333 6
679 1338 1
175 1331 8
846 1331 8
1141 1255 6
1017 1264 4
796 1337 3
574 1347 7
1195 1356 7
222 1356 7
151 1337 3
894 1242 1
174 1279 2
518 1255 6
19 1279 2
544 1313 7
697 1264 4
591 1242 1
1082 1255 6
83 1293 5
353 1255 6
937 1255 6
678 1279 2
1204 1354 6
597 1329 1
838 1354 6
601 1298 7
716 1331 8
984 1289 5
600 1331 8
551 1331 8
392 1255 6
507 1356 7
1113 1279 2
372 1242 1
624 1279 2
192 1331 8
126 1316 3
59 1295 5
723 1356 7
527 1290 5
582 1291 5
952 1280 4
881 1357 0
1187 1251 6
434 1300 6
371 1295 5
632 1316 3
194 1264 4
53 1255 6
1114 1331 8
402 1320 0
396 1320 0
654 1279 2
335 1255 6
834 1320 0
307 1273 1
409 1255 6
1065 1255 6
191 1280 4
154 1255 6
460 1320 0
456 1295 5
634 1330 6
75 1273 1
120 1279 2
156 1264 4
1217 1289 5
107 1262 7
870 1331 8
666 1297 5
611 1324 6
466 1322 7
321 1279 2
970 1342 7
610 1320 0
583 1325 6
179 1273 1
955 1309 2
156 1271 6
557 1264 4
386 1282 6
69 1295 5
1176 1261 6
51 1330 6
426 1331 8
1096 1354 6
748 1255 6
231 1342 7
579 1261 6
738 1328 1
878 1320 0
515 1289 5
1146 1347 7
967 1342 7
190 1293 5
873 1279 2
572 1288 5
350 1356 7
855 1279 2
943 1261 6
409 1270 6
859 1357 0
806 1316 3
1015 1313 7
819 1347 7
875 1342 7
529 1354 6
941 1337 3
1213 1354 6
59 1330 6
59 1266 6
602 1274 1
120 1320 0
373 1342 7
500 1342 7
223 1279 2
415 1317 4
1064 1342 7
583 1330 6
1058 1303 1
780 1317 4
1218 1320 0
663 1331 8
519 1290 5
310 1341 7
852 1320 0
316 1353 6
970 1357 0
723 1261 6
740 1337 3
682 1255 6
117 1322 7
111 1263 6
178 1248 1
441 1274 1
647 1342 7
643 1331 8
588 1347 7
264 1248 1
1010 1329 1
43 1316 3
672 1331 8
1104 1344 7
1143 1320 0
463 1331 8
1027 1341 7
178 1342 7
470 1279 2
615 1280 4
760 1260 7
616 1299 7
213 1356 7
167 1330 6
832 1262 7
958 1320 0
416 1330 6
1162 1245 6
129 1299 7
870 1341 7
434 1279 2
1236 1270 6
558 1329 1
693 1342 7
673 1299 7
706 1246 6
713 1280 4
987 1261 6
509 1337 3
824 1337 3
1209 1292 5
432 1279 2
1240 1328 1
96 1347 7
994 1264 4
540 1280 4
1216 1320 0
745 1342 7
314 1309 2
1020 1345 7
1140 1279 2
317 1292 5
381 1320 0
548 1320 0
981 1331 8
1078 1329 1
814 1273 1
817 1261 6
750 1273 1
169 1298 7
129 1330 6
840 1331 8
266 1242 1
974 1273 1
372 1299 7
1218 1261 6
1205 1320 0
1170 1320 0
34 1333 6
207 1313 7
211 1292 5
241 1339 1
904 1273 1
47 1353 6
1081 1264 4
339 1357 0
300 1356 7
591 1260 7
160 1337 3
878 1293 5
802 1320 0
459 1354 6
767 1255 6
288 1261 6
776 1331 8
442 1279 2
985 1331 8
710 1297 5
1182 1331 8
863 1280 4
809 1328 1
788 1356 7
221 1309 2
730 1339 1
151 1280 4
80 1347 7
756 1245 6
401 1320 0
265 1342 7
59 1264 4
373 1280 4
152 1264 4
674 1309 2
453 1279 2
111 1331 8
477 1310 7
629 1289 5
344 1331 8
243 1337 3
795 1331 8
92 1317 4
752 1279 2
944 1356 7
191 1355 6
87 1315 6
159 1329 1
678 1317 4
514 1273 1
668 1315 6
910 1342 7
1087 1355 6
1018 1353 6
255 1316 3
36 1316 3
1195 1344 7
1142 1297 5
803 1283 6
231 1331 8
357 1309 2
880 1274 1
1091 1264 4
673 1342 7
234 1255 6
701 1333 6
298 1247 6
980 1309 2
20 1255 6
296 1255 6
288 1347 7
337 1317 4
966 1354 6
664 1255 6
788 1299 7
389 1279 2
103 1331 8
818 1261 6
996 1342 7
727 1337 3
1075 1332 6
913 1331 8
1018 1300 6
266 1248 1
1181 1343 3
672 1337 3
371 1310 7
1157 1355 6
1028 1337 3
740 1315 6
724 1273 1
3 1279 2
729 1264 4
478 1322 7
1080 1357 0
971 1354 6
1036 1297 5
841 1292 5
874 1260 7
496 1333 6
654 1331 8
879 1282 6
304 1354 6
106 1242 1
492 1347 7
560 1295 5
41 1273 1
455 1357 0
224 1339 1
816 1331 8
847 1342 7
1087 1320 0
623 1333 6
817 1355 6
203 1357 0
322 1276 6
431 1279 2
527 1280 4
656 1329 1
357 1292 5
712 1317 4
993 1264 4
848 1292 5
882 1355 6
857 1337 3
451 1255 6
562 1291 5
806 1260 7
569 1347 7
1048 1320 0
1194 1347 7
981 1337 3
261 1320 0
353 1342 7
726 1315 6
714 1297 5
629 1331 8
700 1255 6
1092 1354 6
959 1342 7
1147 1317 4
113 1273 1
1056 1280 4
766 1345 7
656 1255 6
1104 1264 4
292 1242 1
1220 1331 8
868 1317 4
623 1279 2
366 1331 8
564 1328 1
127 1357 0
355 1255 6
35 1255 6
959 1337 3
875 1299 7
618 1322 7
1018 1295 5
455 1264 4
1165 1270 6
823 1262 7
256 1323 7
1131 1248 1
218 1295 5
1096 1273 1
858 1357 0
1146 1331 8
1099 1342 7
902 1337 3
50 1356 7
726 1297 5
86 1297 5
651 1331 8
902 1320 0
545 1243 1
903 1320 0
333 1337 3
1161 1259 7
855 1289 5
24 1266 6
100 1279 2
922 1329 1
480 1299 7
713 1356 7
246 1331 8
264 1347 7
966 1264 4
939 1341 7
482 1300 6
1208 1342 7
1211 1342 7
314 1280 4
144 1331 8
939 1299 7
332 1331 8
50 1242 1
83 1343 3
310 1353 6
687 1347 7
709 1273 1
917 1273 1
1225 1320 0
123 1331 8
1141 1322 7
761 1345 7
101 1294 5
430 1280 4
443 1273 1
914 1322 7
1097 1309 2
160 1309 2
362 1279 2
444 1280 4
508 1345 7
1193 1329 1
13 1262 7
524 1255 6
105 1243 1
863 1299 7
70 1292 5
78 1331 8
456 1299 7
927 1295 5
628 1291 5
510 1255 6
109 1331 8
1220 1345 7
273 1261 6
84 1255 6
1010 1245 6
1192 1357 0
445 1260 7
701 1280 4
192 1352 6
354 1317 4
763 1289 5
851 1337 3
102 1262 7
165 1293 5
538 1255 6
843 1309 2
1001 1280 4
874 1242 1
485 1283 6
108 1330 6
235 1255 6
14 1264 4
121 1342 7
223 1288 5
1218 1273 1
222 1331 8
1061 1279 2
108 1280 4
1055 1337 3
43 1331 8
660 1331 8
524 1274 1
1094 1264 4
261 1322 7
529 1261 6
1124 1329 1
1055 1261 6
808 1297 5
1064 1330 6
767 1320 0
694 1296 5
31 1331 8
1143 1242 1
697 1331 8
118 1355 6
611 1299 7
344 1324 6
778 1264 4
844 1347 7
875 1279 2
717 1354 6
1127 1251 6
1058 1299 7
358 1295 5
811 1342 7
7 1331 8
1000 1331 8
124 1286 5
696 1339 1
1098 1261 6
486 1320 0
1028 1292 5
964 1279 2
177 1330 6
692 1332 6
416 1270 6
256 1313 7
692 1333 6
1055 1273 1
746 1298 7
83 1331 8
938 1320 0
217 1331 8
755 1333 6
69 1259 7
720 1339 1
192 1334 6
920 1315 6
992 1243 1
1081 1242 1
1052 1356 7
859 1330 6
461 1347 7
13 1354 6
472 1341 7
94 1256 6
947 1299 7
735 1320 0
862 1288 5
22 1354 6
924 1338 1
1158 1242 1
661 1264 4
1168 1299 7
939 1242 1
57 1290 5
325 1264 4
838 1342 7
479 1337 3
616 1330 6
65 1357 0
120 1315 6
737 1279 2
405 1316 3
203 1331 8
1060 1322 7
1076 1320 0
890 1273 1
382 1261 6
1084 1337 3
340 1331 8
477 1292 5
700 1337 3
188 1289 5
552 1316 3
330 1331 8
242 1331 8
353 1242 1
973 1322 7
630 1337 3
1219 1331 8
303 1279 2
791 1337 3
1159 1354 6
1105 1259 7
354 1255 6
1072 1261 6
943 1260 7
346 1299 7
1123 1331 8
339 1262 7
627 1328 1
1162 1337 3
613 1320 0
212 1279 2
755 1331 8
9 1322 7
143 1296 5
138 1333 6
884 1354 6
416 1242 1
1201 1331 8
1017 1331 8
1120 1299 7
6 1309 2
884 1331 8
193 1299 7
1108 1331 8
105 1261 6
948 1310 7
1162 1357 0
800 1337 3
622 1325 6
660 1279 2
897 1357 0
259 1317 4
879 1357 0
282 1338 1
849 1337 3
634 1313 7
525 1347 7
1119 1295 5
1199 1264 4
105 1263 6
137 1255 6
696 1261 6
1024 1337 3
913 1293 5
1107 1355 6
92 1243 1
1103 1292 5
1061 1280 4
138 1320 0
774 1357 0
625 1293 5
79 1248 1
1024 1255 6
24 1255 6
448 1271 6
302 1299 7
310 1309 2
711 1331 8
656 1320 0
183 1244 6
993 1279 2
552 1242 1
501 1280 4
622 1264 4
329 1320 0
888 1264 4
1198 1342 7
261 1279 2
1045 1339 1
988 1337 3
92 1337 3
426 1317 4
1101 1332 6
548 1260 7
419 1264 4
824 1354 6
659 1337 3
1055 1339 1
524 1243 1
409 1295 5
917 1264 4
1048 1355 6
788 1295 5
125 1342 7
357 1320 0
1160 1255 6
359 1282 6
852 1295 5
957 1337 3
466 1331 8
30 1357 0
474 1347 7
143 1342 7
784 1280 4
1118 1280 4
439 1320 0
1103 1337 3
585 1320 0
1093 1271 6
183 1354 6
935 1259 7
1238 1357 0
1236 1331 8
938 1309 2
204 1325 6
224 1330 6
366 1261 6
732 1264 4
79 1297 5
1044 1331 8
37 1320 0
698 1337 3
169 1331 8
628 1264 4
1010 1273 1
48 1279 2
231 1354 6
1013 1354 6
334 1320 0
1075 1297 5
117 1356 7
1009 1329 1
611 1331 8
566 1316 3
960 1353 6
249 1344 7
443 1242 1
1031 1244 6
1096 1331 8
775 1339 1
698 1279 2
720 1297 5
727 1320 0
819 1288 5
174 1356 7
748 1337 3
1156 1320 0
720 1317 4
704 1296 5
1060 1341 7
71 1242 1
709 1242 1
825 1283 6
860 1264 4
408 1337 3
185 1274 1
168 1354 6
532 1298 7
83 1280 4
1003 1331 8
955 1343 3
847 1266 6
233 1273 1
733 1261 6
920 1255 6
1004 1320 0
754 1355 6
392 1299 7
68 1347 7
197 1288 5
716 1297 5
527 1242 1
652 1320 0
502 1356 7
359 1324 6
1160 1342 7
737 1292 5
454 1295 5
895 1280 4
764 1299 7
58 1283 6
937 1355 6
862 1280 4
887 1255 6
266 1292 5
526 1295 5
1123 1343 3
661 1279 2
1086 1331 8
653 1299 7
22 1298 7
270 1296 5
71 1273 1
814 1242 1
980 1331 8
891 1297 5
768 1299 7
1072 1324 6
259 1261 6
194 1300 6
564 1273 1
882 1331 8
125 1283 6
295 1279 2
1183 1331 8
387 1320 0
814 1295 5
303 1331 8
271 1255 6
1215 1322 7
241 1354 6
869 1279 2
423 1331 8
2 1320 0
206 1292 5
8 1320 0
114 1280 4
262 1338 1
945 1292 5
1016 1290 5
1009 1243 1
623 1316 3
443 1248 1
646 1299 7
347 1354 6
771 1339 1
146 1333 6
777 1331 8
904 1331 8
680 1357 0
555 1331 8
537 1316 3
662 1329 1
737 1316 3
1062 1320 0
476 1279 2
140 1264 4
1237 1354 6
602 1331 8
473 1347 7
769 1354 6
947 1247 6
61 1331 8
705 1280 4
737 1264 4
696 1273 1
1204 1274 1
686 1317 4
1078 1248 1
109 1348 6
900 1322 7
623 1331 8
1088 1320 0
95 1242 1
119 1299 7
862 1279 2
251 1339 1
1199 1331 8
1121 1309 2
1024 1266 6
1150 1331 8
167 1315 6
902 1299 7
282 1248 1
302 1347 7
1238 1331 8
994 1355 6
600 1357 0
868 1309 2
1067 1290 5
786 1242 1
768 1331 8
227 1264 4
288 1354 6
270 1339 1
1093 1266 6
1096 1279 2
322 1251 6
1069 1259 7
685 1242 1
102 1343 3
593 1309 2
1139 1328 1
1078 1279 2
505 1273 1
29 1337 3
599 1322 7
808 1337 3
383 1259 7
375 1320 0
579 1347 7
457 1331 8
973 1347 7
314 1337 3
290 1313 7
723 1298 7
745 1279 2
723 1337 3
420 1355 6
305 1320 0
772 1299 7
600 1330 6
1133 1279 2
417 1331 8
1171 1251 6
40 1279 2
814 1342 7
27 1324 6
518 1337 3
79 1332 6
15 1299 7
203 1342 7
581 1261 6
88 1245 6
944 1292 5
608 1320 0
926 1261 6
741 1337 3
132 1339 1
793 1356 7
656 1315 6
692 1242 1
670 1280 4
769 1255 6
149 1322 7
876 1320 0
839 1337 3
607 1331 8
621 1357 0
649 1320 0
219 1255 6
568 1317 4
168 1332 6
919 1334 6
466 1279 2
655 1313 7
307 1280 4
1196 1324 6
1091 1337 3
838 1270 6
1086 1242 1
786 1260 7
53 1280 4
978 1339 1
473 1331 8
954 1299 7
1136 1279 2
178 1323 7
164 1276 6
424 1264 4
12 1354 6
1193 1293 5
238 1309 2
454 1255 6
932 1347 7
740 1293 5
434 1344 7
738 1322 7
603 1273 1
313 1292 5
403 1342 7
1205 1322 7
1220 1279 2
954 1296 5
951 1280 4
327 1354 6
665 1309 2
1175 1320 0
193 1331 8
1215 1354 6
229 1242 1
118 1279 2
1023 1299 7
145 1337 3
969 1347 7
1100 1242 1
946 1333 6
1130 1255 6
1010 1320 0
775 1347 7
710 1299 7
88 1251 6
622 1297 5
1191 1280 4
273 1331 8
1202 1320 0
1118 1293 5
788 1354 6
874 1338 1
269 1313 7
1075 1264 4
421 1279 2
81 1357 0
155 1295 5
582 1347 7
448 1299 7
612 1331 8
922 1337 3
404 1337 3
497 1283 6
71 1261 6
75 1328 1
437 1289 5
1152 1280 4
369 1331 8
1136 1332 6
792 1355 6
677 1297 5
213 1279 2
920 1279 2
290 1299 7
1204 1357 0
949 1337 3
947 1242 1
908 1279 2
1015 1320 0
211 1248 1
1082 1299 7
919 1279 2
690 1337 3
420 1259 7
400 1299 7
1184 1354 6
140 1279 2
1111 1279 2
1123 1322 7
455 1295 5
1027 1299 7
487 1292 5
197 1357 0
1058 1255 6
1168 1337 3
705 1339 1
1209 1255 6
1221 1242 1
249 1357 0
276 1347 7
